rank,frequency,first_frame,last_frame,n_reactants,n_products,reactants,products
1,31,3,39,2,1,"N3O3+H3N","H3N4O3"
2,30,4,38,1,2,"H3N4O3","N3O3+H3N"
3,23,9,39,2,2,"H2N+HNO2","H3N+NO2"
4,22,3,38,2,2,"HNO2+H2N","NO2+H3N"
5,22,10,40,1,2,"H3N4O3","H3N+N3O3"
6,21,3,40,2,2,"H3N+NO2","H2N+HNO2"
7,20,4,40,2,1,"H3N+N2O","H3N3O"
8,18,12,40,2,1,"H3N+N3O3","H3N4O3"
9,16,11,37,2,2,"NO2+H3N","HNO2+H2N"
10,15,7,37,1,2,"H3N3O","H3N+N2O"
11,14,9,40,1,2,"H3N3O","N2O+H3N"
12,13,16,38,2,2,"H3N+N2O","H2N+HN2O"
13,13,7,35,2,2,"H4NO+H3N","H3N+H4NO"
14,12,15,39,2,1,"N2O+H3N","H3N3O"
15,11,3,37,2,2,"HN3O3+H3N","N3O2+H4NO"
16,11,5,37,2,2,"H3N+H4NO","H4NO+H3N"
17,10,4,40,2,1,"N2+HO","HN2O"
18,10,9,39,2,2,"H2N+HN2O","H3N+N2O"
19,9,2,38,1,2,"HN3O3","HNO2+N2O"
20,9,10,39,1,2,"HN2O","N2+HO"
21,8,9,36,2,2,"H4NO+N3O2","HN3O3+H3N"
22,7,4,28,1,2,"N3O3","NO2+N2O"
23,6,6,33,2,1,"HO+N2","HN2O"
24,6,3,40,1,2,"HN3O3","N2O+HNO2"
25,6,2,5,2,2,"H4N+N3O4","H3N+HN3O4"
26,6,14,38,2,2,"H4NO+N2","H3N+HN2O"
27,6,3,40,2,1,"H3N+HO","H4NO"
28,6,10,36,2,1,"N2O+NO","N3O2"
29,6,3,22,1,2,"N3O2","N2+NO2"
30,6,13,35,1,2,"N3O2","N2O+NO"
31,6,10,36,1,2,"N3O2","NO2+N2"
32,6,5,24,2,2,"NO2+H4NO","HNO2+H3NO"
33,5,3,28,2,2,"H3N+HN2O","H4NO+N2"
34,5,5,40,1,2,"HN2O","HO+N2"
35,5,10,39,2,1,"H3NO+N2O","H3N3O2"
36,5,2,24,2,1,"N3O4+N3O4","N6O8"
37,5,16,36,2,2,"H3N4O2+HO","H2N4O2+H2O"
38,5,8,24,2,1,"N3O4+N2O","N5O5"
39,5,27,37,2,2,"H2N4O4+NO2","HN4O4+HNO2"
40,5,6,32,2,1,"HNO2+N2O","HN3O3"
41,5,15,35,2,2,"H4NO+NO2","H3NO+HNO2"
42,5,14,34,1,2,"H4NO","H3N+HO"
43,5,8,22,1,2,"H4N4O4","H2O+H2N4O3"
44,5,12,32,2,2,"HNO2+H3NO","NO2+H4NO"
45,5,4,25,1,2,"H2N4O3","N3O3+H2N"
46,5,13,27,2,2,"H3N+NO2","HNO2+H2N"
47,5,15,32,2,2,"H2O+H2N4O2","H3N4O2+HO"
48,4,31,36,2,2,"HN4O4+HNO2","H2N4O4+NO2"
49,4,4,19,2,1,"N3O3+H2N","H2N4O3"
50,4,7,38,2,1,"HNO2+N3O3","HN4O5"
51,4,8,37,1,2,"N5O4","N3O4+N2"
52,4,10,31,1,2,"N5O4","N2+N3O4"
53,4,12,36,2,2,"HN2O+H2N","N2O+H3N"
54,4,21,40,1,2,"HN4O5","HNO2+N3O3"
55,4,13,32,2,2,"H3N+HN3O5","H2N+H2N3O5"
56,4,3,39,2,2,"HN3O3+H2N","N3O3+H3N"
57,4,11,33,2,1,"N2O+HNO2","HN3O3"
58,4,2,2,3,4,"N3O4+H4N+H4N","N3O3+H2O+H3N+H3N"
59,4,2,10,2,2,"N3O4+H4N","HN3O4+H3N"
60,4,3,35,2,2,"H3N+N3O3","H2N+HN3O3"
61,4,12,38,2,2,"HNO2+N3O4","NO+HN3O5"
62,4,2,38,2,2,"N3O3+H3N","HN3O3+H2N"
63,4,15,36,2,2,"H3NO+HNO2","H4NO+NO2"
64,4,3,20,1,2,"N3O3","N2O+NO2"
65,4,9,21,2,1,"H2O+H2N4O3","H4N4O4"
66,4,9,39,2,2,"HNO2+H2N","H3N+NO2"
67,3,18,27,2,2,"N2O4+H3NO","HN2O4+H2NO"
68,3,23,27,2,2,"H3N+HN3O4","H2N+H2N3O4"
69,3,4,21,2,2,"N2O+H4NO","HN2O+H3NO"
70,3,3,39,2,2,"N3O2+H4NO","HN3O3+H3N"
71,3,13,33,2,2,"HN3O5+NO","HNO2+N3O4"
72,3,32,38,1,2,"H3N4O5","H3N+N3O5"
73,3,8,24,2,2,"H3N+HN3O3","H4NO+N3O2"
74,3,7,36,2,1,"N3O4+N2","N5O4"
75,3,10,40,2,3,"H3N+HN2O","H2N+H2O+N2"
76,3,20,35,2,2,"N3O4+H4NO2","HN3O5+H3NO"
77,3,4,22,2,2,"N3O4+N3O4","N3O3+N3O5"
78,3,2,2,3,4,"H4N+H4N+N3O4","H2O+H3N+N3O3+H3N"
79,3,11,24,2,1,"N3O3+N2","N5O3"
80,3,28,36,2,2,"N2+HN2O","HN2O+N2"
81,3,27,35,2,2,"HN2O+N2","N2+HN2O"
82,3,19,36,2,2,"H2N+HN3O3","H3N+N3O3"
83,3,14,31,2,2,"H4NO+NO2","HNO2+H3NO"
84,3,21,32,2,3,"H4NO2+H4N","H3NO+H2O+H3N"
85,3,12,39,2,2,"N2+H4NO","HN2O+H3N"
86,3,13,19,2,2,"H4NO+N3O2","H3N+HN3O3"
87,3,5,40,2,2,"N5O5+H4N","HN5O5+H3N"
88,3,7,27,2,2,"H4N+NO2","H3N+HNO2"
89,3,13,18,2,1,"N12O15+H3N","H3N13O15"
90,3,19,26,1,2,"N8O8","N5O4+N3O4"
91,3,8,15,2,1,"HO+H3N","H4NO"
92,3,14,28,2,1,"H2N+N2O","H2N3O"
93,3,8,38,2,1,"N2O+N3O4","N5O5"
94,3,3,15,2,2,"N3O3+H4N","HN3O3+H3N"
95,2,6,24,2,1,"N3O3+N3O4","N6O7"
96,2,14,17,1,2,"H3N13O15","N12O15+H3N"
97,2,4,4,2,2,"H4N+N3O3","H3N+HN3O3"
98,2,2,3,2,2,"N3O3+N3O4","NO2+N5O5"
99,2,8,34,2,3,"H3N+H2N4O3","H2N+HN3O3+H2N"
100,2,3,8,2,2,"N3O3+N3O4","N5O5+NO2"
101,2,13,20,2,1,"N3O3+HNO2","HN4O5"
102,2,17,20,2,2,"HN2O+H3N","H4NO+N2"
103,2,27,28,3,2,"N3O3+H3N+NO2","H2N4O3+HNO2"
104,2,6,7,2,2,"N3O3+H4NO","HN3O3+H3NO"
105,2,3,3,2,2,"H3N+H2N3O4","H4NO+HN3O3"
106,2,16,20,1,2,"H3N3O2","N2O+H3NO"
107,2,22,24,2,3,"HNO+H4NO","NO+H2O+H3N"
108,2,34,37,2,1,"H3N+N3O5","H3N4O5"
109,2,32,38,2,1,"HNO2+H2N","H3N2O2"
110,2,32,40,2,1,"N2+N2O","N4O"
111,2,9,16,2,1,"N2+N3O4","N5O4"
112,2,28,40,2,1,"HNO2+NO","HN2O3"
113,2,12,37,2,2,"HN5O5+H2N","N5O5+H3N"
114,2,15,21,2,2,"N2O+H2N4O4","HN2O+HN4O4"
115,2,8,15,2,2,"N2O+H3N","HN2O+H2N"
116,2,11,38,1,2,"H3N3O2","H3NO+N2O"
117,2,20,23,2,2,"H3N+HN5O8","H2N+H2N5O8"
118,2,18,21,3,3,"HNO2+H3NO+H3N","NO2+H3N+H4NO"
119,2,5,26,2,2,"H3N+HN3O4","H4NO+N3O3"
120,2,2,7,2,1,"H3N+HN3O4","H4N4O4"
121,2,38,40,2,1,"N2O+N5O4","N7O5"
122,2,4,4,2,3,"H3N+HN3O3","H2N+H2O+N3O2"
123,2,3,7,1,2,"N3O","N2+NO"
124,2,7,38,3,2,"H3NO+H2O+HNO2","H4NO+H2NO3"
125,2,36,40,1,2,"H3N4O2","H3N+N3O2"
126,2,23,28,3,2,"H3NO+H2O+H3N","H4NO2+H4N"
127,2,11,17,2,3,"H3N+H4NO","H2N+H2O+H3N"
128,2,14,18,3,2,"N3O2+H3N+HO","H2N4O2+H2O"
129,2,30,37,1,2,"N7O5","N5O4+N2O"
130,2,21,26,2,2,"H2NO+HN2O4","H3NO+N2O4"
131,2,5,8,2,2,"HN2O+HN3O4","H2N2O2+N3O3"
132,2,29,36,2,1,"NO+N2O","N3O2"
133,2,21,26,2,2,"NO+HN3O5","HNO2+N3O4"
134,2,17,35,2,1,"HN2O+N3O2","HN5O3"
135,2,5,10,1,2,"H4N4O4","H2N4O3+H2O"
136,2,21,22,2,2,"N3O4+HN3O4","HN3O4+N3O4"
137,2,2,10,2,1,"HN3O4+H3N","H4N4O4"
138,2,13,18,1,2,"H4NO","H2N+H2O"
139,2,7,24,2,1,"H2N+N3O3","H2N4O3"
140,2,17,33,2,2,"HN2O4+H2NO","N2O4+H3NO"
141,2,11,16,2,2,"H4NO+H3N","H6N2O+H"
142,2,17,25,3,4,"H4NO+H3N+H2NO3","H2N+H4NO+H2O+HNO2"
143,2,21,30,2,2,"H6N2O+H","H3N+H4NO"
144,2,11,22,2,3,"H2N2O2+H3N3O","HN2O+H2O+H2N3O"
145,2,3,5,1,2,"N3O5","N2O3+NO2"
146,2,9,31,2,1,"N3O5+H3N","H3N4O5"
147,2,18,25,1,2,"N6O8","N3O4+N3O4"
148,2,6,14,2,2,"H4NO+N3O4","H3N+HN3O5"
149,2,5,21,2,1,"N5O5+N3O4","N8O9"
150,2,4,6,2,3,"HN3O3+H3N","N3O2+H2O+H2N"
151,2,10,26,2,2,"HN3O3+H3N","H4NO+N3O2"
152,2,4,10,2,2,"H4NO+HNO2","H3N+H2NO3"
153,2,2,2,2,3,"H2N3O4+H4N","HN3O3+H2O+H3N"
154,2,20,25,2,1,"N5O4+N3O4","N8O8"
155,2,4,7,2,2,"H4NO+N2","H+H3N3O"
156,2,16,18,3,2,"H2N+H2O+HNO2","H3N+H2NO3"
157,2,8,20,3,2,"H2O+H2N+H3N","H3N+H4NO"
158,2,27,28,3,2,"N3O4+H3N+NO2","H2N4O4+HNO2"
159,2,24,26,2,2,"H2N+H2N3O4","H3N+HN3O4"
160,2,12,25,2,1,"NO2+N2O","N3O3"
161,2,24,33,2,2,"H2N+H2N3O5","H3N+HN3O5"
162,2,13,23,2,2,"HN2O+H3NO","H2N2O2+H2N"
163,2,10,12,2,2,"HN2O+H3NO","N2O+H4NO"
164,1,10,10,2,2,"HNO2+H3NO","H2NO2+H2NO"
165,1,25,25,1,2,"HN3O2","HNO2+N2"
166,1,21,21,2,2,"HNO2+H3N","H2NO2+H2N"
167,1,8,8,2,2,"HNO2+H3N","H4NO+NO"
168,1,40,40,2,2,"HN5O5+NO","N5O5+HNO"
169,1,14,14,2,2,"HN2O+H3N","N2O+H4N"
170,1,7,7,2,2,"HNO2+H3N","NO+H4NO"
171,1,40,40,3,3,"HN5O5+HN+HNO2","N5O5+H3N+NO2"
172,1,34,34,2,2,"HN3O2+H2N","H3N+N3O2"
173,1,15,15,2,2,"HN3O2+HN3O5","N3O2+H2N3O5"
174,1,14,14,3,3,"HNO2+H3N+HN2O","H2NO2+H3N+N2O"
175,1,16,16,2,2,"HN5O5+H3NO","N5O5+H4NO"
176,1,13,13,3,2,"HN5O8+H3N+N3O4","H2N5O8+H2N4O4"
177,1,13,13,2,2,"HNO2+H3NO","H3NO+HNO2"
178,1,27,27,2,2,"HNO2+H3NO","H4NO+NO2"
179,1,14,14,2,2,"HN5O5+H2N","H3N+N5O5"
180,1,11,11,1,2,"HN3O3","NO2+HN2O"
181,1,5,5,2,2,"HN3O3+H2N","H3N+N3O3"
182,1,20,20,1,2,"HN5O5","HO+N5O4"
183,1,11,11,2,3,"HNO2+H3NO","NO2+H3N+HO"
184,1,39,39,2,3,"HN5O3+HN3O3","HN2O+HN3O3+N3O2"
185,1,8,8,2,2,"HN2O+HN3O3","H2N2O2+N3O2"
186,1,33,33,2,2,"HN2O+H3N","N2+H4NO"
187,1,22,22,2,1,"N2+N3O2","N5O2"
188,1,33,33,2,2,"HN2O3+N2O","N2O3+HN2O"
189,1,21,21,2,2,"HN2O+H3N4O6","N2+H4N4O7"
190,1,30,30,3,4,"HN2O+H3N+HNO2","N2+H3NO+H2O+NO"
191,1,30,30,7,11,"HN2O+NO+H3N4O4+NO2+N2+N8O9+N","N2O+N2+H2O+HN4O4+HNO2+NO+N2O+NO2+NO2+N2O3+N3"
192,1,32,32,2,2,"HNO2+H2N","H2N+HNO2"
193,1,30,30,2,1,"HNO+NO2","HN2O3"
194,1,39,39,2,2,"HNO+N5O5","NO+HN5O5"
195,1,34,34,1,2,"HN5O3","HN2O+N3O2"
196,1,34,34,2,2,"HNO+HN3O4","HNO2+HN3O3"
197,1,10,10,2,1,"HN2O+HO","H2N2O2"
198,1,25,25,2,3,"HNO+HN2O","NO+H2O+N2"
199,1,20,20,3,3,"HN2O3+H2N+NO2","N2O3+H2N+HNO2"
200,1,27,27,3,2,"HNO2+H2O+H2N","H2NO3+H3N"
201,1,39,39,2,2,"HN6O8+HN3O","N6O8+H2N3O"
202,1,40,40,2,2,"HN2O4+H","H2O+N2O3"
203,1,26,26,3,3,"HNO2+H2N+HNO2","NO2+H2N+H2NO2"
204,1,9,9,2,3,"HNO2+H2N4O3","NO2+H3N+N3O3"
205,1,36,36,2,1,"HN6O8+H3N","H4N7O8"
206,1,37,37,1,2,"HN6O8","HN3O4+N3O4"
207,1,35,35,3,4,"HN3O+H2O+HNO","H2N+H2O+NO+N2O"
208,1,19,19,2,2,"HN2O+HN4O4","N2O+H2N4O4"
209,1,28,28,2,2,"HN6O7+H2NO","N6O7+H3NO"
210,1,7,7,3,3,"HN2O+H3NO2+N3O3","N2O+H3NO2+HN3O3"
211,1,24,24,3,4,"HNO2+H2N+H2N2O2","H2NO2+H2NO+HO+N2"
212,1,2,2,4,4,"HN3O4+H3N+N3O4+H4N","N3O3+H3NO+H2N3O4+H3N"
213,1,37,37,3,3,"HN3O5+H3N+H3NO","H2N3O5+H3NO+H2N"
214,1,2,2,2,3,"HN3O4+H4N","H2O+H3N+N3O3"
215,1,2,2,2,2,"HN3O4+H4N","H2N3O4+H3N"
216,1,15,15,3,3,"HN3O5+H3N+HN3O4","H2N3O5+H3NO+N3O3"
217,1,11,11,3,3,"HN3O5+H3N+N5O8","H2N3O5+HN5O8+HN"
218,1,33,33,2,2,"HN3O5+H3NO","N3O4+H4NO2"
219,1,3,3,4,6,"HN3O4+H3NO+H2N3O4+H3N","N3O4+H3NO+H2O+H2O+N3O2+H2N"
220,1,35,35,2,2,"HN3O5+H4NO","H2N3O5+H3NO"
221,1,2,2,2,3,"HN3O4+H4N","H2O+N3O3+H3N"
222,1,34,34,2,2,"HN3O5+HN4O4","HN4O4+HN3O5"
223,1,38,38,2,2,"HN3O5+HN5O8","N3O4+H2N5O9"
224,1,29,29,2,2,"HN3O5+N3O4","N6O9+H"
225,1,2,2,3,3,"HN3O4+H3N+N3O4","H3NO+HN3O4+N3O3"
226,1,5,5,3,3,"HN3O4+H3N+N3O3","N3O3+H3NO+HN3O3"
227,1,15,15,3,3,"HN3O4+H3N+HN2O","H2N3O4+H3NO+N2"
228,1,3,3,2,2,"HN3O4+H3N","N3O4+H4N"
229,1,3,3,2,2,"HN3O4+H3N","N3O3+H4NO"
230,1,16,16,2,2,"HN3O5+H3N","H2N3O5+H2N"
231,1,4,4,2,2,"HN3O4+H4N","HN3O3+H4NO"
232,1,2,2,2,3,"HN3O4+H4N","N3O3+H2O+H3N"
233,1,39,39,2,2,"HN3O5+H2N3O","N3O4+H3N3O2"
234,1,2,2,2,4,"HN3O4+H4N","NO2+H2O+H3N+N2O"
235,1,10,10,2,2,"HN3O5+H2N3O","H2N3O5+HN3O"
236,1,12,12,3,2,"HN3O4+N3O4+H3N","H2N6O8+H2N"
237,1,2,2,3,4,"HN3O4+H4N+H4N","H2O+H3N+HN3O3+H3N"
238,1,2,2,2,2,"HN3O4+N3O4","N3O3+HN3O5"
239,1,2,2,3,4,"HN3O4+H4N+H4N","HN3O3+H3N+H2O+H3N"
240,1,2,2,3,5,"HN3O4+H4N+H4N","HNO2+N2O+H2O+H3N+H3N"
241,1,2,2,2,2,"HN3O4+N3O4","HN3O5+N3O3"
242,1,5,5,2,1,"HN3O4+N3O3","HN6O7"
243,1,13,13,3,2,"HN3O4+N2O+H3N","N5O5+H4N"
244,1,38,38,2,2,"HN3O4+H4NO","H2N3O4+H3NO"
245,1,11,11,2,2,"HN4O4+HN5O5","H2N4O4+N5O5"
246,1,35,35,3,2,"HN3O3+H2N+H2N","H2N4O3+H3N"
247,1,32,32,1,2,"HN5O3","N3O2+HN2O"
248,1,18,18,2,2,"HN3O3+H2N2O4","H3N2O4+N3O3"
249,1,2,2,5,6,"HN3O4+H4N+H4N+N3O4+HO","N2O+HNO2+H3N+H3NO+H2O+HN3O4"
250,1,18,18,2,2,"HN3O3+H3N","N3O3+H4N"
251,1,3,3,2,3,"HN3O3+H3N","NO2+N2+H4NO"
252,1,14,14,1,2,"HN4O5","N3O3+HNO2"
253,1,18,18,3,4,"HN3O3+H3N+H3N4O5","N3O2+H3NO+HN3O5+H3N"
254,1,19,19,5,3,"HN3O3+H3N+N3O3+H2N+H3N","H3N4O3+H4N4O3+H2N"
255,1,5,5,3,3,"HN3O3+H3N+NO2","H3N+HNO2+N3O3"
256,1,12,12,2,3,"HN3O3+H3NO","N3O3+H3N+HO"
257,1,28,28,2,4,"HN3O3+H4NO","N2+NO2+H2O+H3NO"
258,1,8,8,1,2,"HN4O5","HN3O3+NO2"
259,1,40,40,2,2,"HN3O3+HN2O","HN4O2+HNO2"
260,1,36,36,2,2,"HN3O3+HN5O3","N3O2+H2N5O4"
261,1,11,11,2,2,"HN3O3+H2N","N3O2+H3NO"
262,1,23,23,3,4,"HN3O3+N2+HNO","HN2O+NO+NO+HN2O"
263,1,22,22,2,2,"HN4O4+HN2O","H2N4O4+N2O"
264,1,2,2,2,2,"HN3O3+N3O4","N3O2+HN3O5"
265,1,34,34,2,3,"HN3O3+NO","N2+NO2+HNO2"
266,1,27,27,3,2,"HN3O4+H2N+N2","H3N+N5O4"
267,1,9,9,5,7,"HN3O4+H2N4O3+H4NO+H3N+H2N3O5","N3O3+H2O+H2NO2+H3NO+H2N+H2N3O+HN3O5"
268,1,3,3,2,2,"HN3O4+H3N","H2O+H2N4O3"
269,1,7,7,2,3,"HN3O4+H3N","H2O+N3O3+H2N"
270,1,39,39,3,2,"HN4O4+H2O+N2","H2N4O4+HN2O"
271,1,32,32,2,2,"HN4O3+HNO2","H2N4O3+NO2"
272,1,13,13,3,4,"HN4O2+H2N3O5+H2O","N3O2+H3N+HN3O5+HO"
273,1,9,9,2,3,"HN3O4+H3N","H4NO+N2O+NO2"
274,1,8,8,3,4,"HN3O6+H3N+HN3O4","N3O6+H3N+H2O+N3O3"
275,1,36,36,2,1,"HN3O5+NO2","HN4O7"
276,1,40,40,3,2,"HN3O5+NO+H3N","H2N4O6+H2N"
277,1,2,2,3,3,"N3O5+N3O4+H4N","HN3O6+N3O3+H3N"
278,1,22,22,3,1,"N3O4+N3O4+N2","N8O8"
279,1,35,35,2,1,"N3O4+N4O","N7O5"
280,1,18,18,2,1,"N3O4+N5O4","N8O8"
281,1,19,19,2,1,"N3O4+N5O5","N8O9"
282,1,10,10,2,1,"N3O4+N6O7","N9O11"
283,1,14,14,2,1,"N3O4+NO2","N4O6"
284,1,7,7,1,2,"N3O5","NO2+N2O3"
285,1,39,39,3,2,"N3O5+H3N+NO2","H2N4O5+HNO2"
286,1,25,25,2,2,"N3O5+H4N","HN3O5+H3N"
287,1,33,33,2,1,"N3O5+N3O2","N6O7"
288,1,2,2,4,5,"N3O4+N3O4+H4N+H4N","HN3O5+H4NO+H3N+NO2+N2"
289,1,10,10,2,1,"N3O6+H3N","H3N4O6"
290,1,25,25,1,2,"N4O","N2+N2O"
291,1,38,38,1,2,"N4O","N2O+N2"
292,1,29,29,2,2,"N4O+H","HN2O+N2"
293,1,33,33,2,1,"N4O+N3O4","N7O5"
294,1,16,16,1,2,"N4O6","N3O4+NO2"
295,1,7,7,2,1,"N4O6+NO2","N5O8"
296,1,25,25,1,2,"N5O3","N3O3+N2"
297,1,12,12,3,6,"N5O3+H3N+N3O4","NO2+N2+H2O+HNO+N3O3+N2"
298,1,9,9,2,1,"N3O4+HN3O4","HN6O8"
299,1,2,2,7,11,"N3O4+H4N+H3N+HN3O4+N3O4+H2N3O4+N3O4","N2O+NO2+H2O+H3NO+HNO+HO+N4O6+HN2O+HNO2+HN3O4+N2"
300,1,2,2,3,4,"N3O4+H4N+H4N","H2O+H3N+N3O3+H3N"
301,1,2,2,3,5,"N3O4+H4N+H4N","N2O+NO2+H2O+H3N+H3N"
302,1,2,2,4,5,"N3O4+H4N+HN3O4+H4N","N3O3+H2O+H2N4O3+H2O+H3N"
303,1,2,2,5,5,"N3O4+H4N+N3O4+H3N+H4N","N3O2+HN3O5+H3N+H4NO+H3N"
304,1,5,5,3,3,"N3O4+H6N2O+H","H2N4O4+H2O+H3N"
305,1,39,39,3,2,"N3O4+HN2O+H3N","N5O4+H4NO"
306,1,9,9,2,2,"N3O4+HN3O3","N5O5+HNO2"
307,1,3,3,2,2,"N3O4+HN3O4","HN3O5+N3O3"
308,1,23,23,1,2,"N5O4","N3O3+N2O"
309,1,2,2,3,4,"N3O4+HN3O4+H4N","N5O5+H2O+H3N+NO2"
310,1,2,2,3,4,"N3O4+HN3O4+H4N","N5O5+NO2+H2O+H3N"
311,1,3,3,4,5,"N3O4+HN3O4+H4N+H3N","HN3O5+NO2+H3N+H4NO+N2"
312,1,15,15,2,2,"N3O4+HNO2","HN3O5+NO"
313,1,12,12,2,1,"N3O4+HO","HN3O5"
314,1,28,28,3,1,"N3O4+N2+N2O","N7O5"
315,1,7,7,2,2,"N3O4+N3O3","N5O5+NO2"
316,1,6,6,2,1,"N3O4+N3O3","N6O7"
317,1,2,2,3,3,"N3O4+N3O4+H4N","HN3O5+N3O3+H3N"
318,1,15,15,3,3,"NO2+H3N+H4NO","HNO2+H3NO+H3N"
319,1,40,40,4,3,"NO+H2O+H3N+NO2","HNO+H3NO+HNO2"
320,1,31,31,3,3,"NO+H2O+H3NO","HNO2+H2N+H2O"
321,1,11,11,2,2,"NO+H4NO","HNO2+H3N"
322,1,23,23,2,2,"NO+HN2O","HNO+N2O"
323,1,4,4,2,1,"NO+N2","N3O"
324,1,24,24,1,2,"NO2","O+NO"
325,1,9,9,2,2,"NO2+H2N","HNO2+HN"
326,1,34,34,2,2,"NO2+H2N4O4","HNO2+HN4O4"
327,1,34,34,3,2,"NO2+H2O+N3O3","HNO3+HN3O3"
328,1,23,23,3,2,"NO+H2O+H3N","HNO+H4NO"
329,1,40,40,3,2,"NO2+H3N+HN6O8","HNO2+H3N7O8"
330,1,23,23,4,3,"NO2+H3NO+H2O+N5O2","HNO2+H3NO+HN5O3"
331,1,9,9,4,4,"NO2+H4N3O2+NO2+H3N","HNO2+HN3O+HNO2+H4NO"
332,1,15,15,3,4,"NO2+H4NO+H3N","HNO2+H2N+H2O+H2N"
333,1,10,10,3,3,"NO2+H6N2O+H","HNO2+H4NO+H2N"
334,1,37,37,3,1,"NO2+N+NO2","N3O4"
335,1,32,32,2,3,"NO2+N3","NO+NO+N2"
336,1,37,37,2,1,"NO2+NO","N2O3"
337,1,13,13,2,2,"H+H3N3O","H4NO+N2"
338,1,36,36,2,2,"N6O7+H3N","N3O2+H3N4O5"
339,1,11,11,2,2,"N5O5+H3N","HN5O5+H2N"
340,1,39,39,3,3,"N5O5+H3N+NO2","HN5O5+HN+HNO2"
341,1,12,12,2,3,"N5O5+H4N","N2O+HN3O4+H3N"
342,1,21,21,2,3,"N5O5+H4NO","HN3O5+N2+H3NO"
343,1,15,15,2,2,"N5O5+H4NO","HN5O5+H3NO"
344,1,24,24,1,2,"N6O2","N4O+N2O"
345,1,7,7,1,3,"N6O7","N3O5+NO2+N2"
346,1,31,31,1,3,"N6O7","NO2+N2+N3O5"
347,1,3,3,2,1,"N6O7+H3N","H3N7O7"
348,1,2,2,3,3,"N3O4+H4N+H3N","N3O3+H4NO+H3N"
349,1,13,13,3,3,"N6O7+H3N+N3O3","N3O2+HN3O5+H2N4O3"
350,1,27,27,2,2,"N6O7+H3NO","HN6O7+H2NO"
351,1,3,3,1,2,"N6O8","N3O5+N3O3"
352,1,39,39,1,2,"N7O5","N2O+N5O4"
353,1,34,34,1,2,"N7O5","N4O+N3O4"
354,1,21,21,1,3,"N8O8","N2+N3O4+N3O4"
355,1,22,22,1,2,"N8O9","N3O4+N5O5"
356,1,6,6,1,2,"N8O9","N3O5+N5O4"
357,1,11,11,1,3,"N9O11","N3O4+N3O5+N3O2"
358,1,28,28,4,4,"N2+N3O4+N2+N2","N+N5O4+N2+N"
359,1,2,2,2,2,"HO+H4N","H2O+H3N"
360,1,20,20,3,2,"HO+HN2O+H2N","HN2O+H3NO"
361,1,32,32,2,1,"HO+HN3O4","H2N3O5"
362,1,3,3,2,1,"HO+N3O4","HN3O5"
363,1,3,3,2,2,"HO2+H3N","O2+H4N"
364,1,26,26,2,2,"N2+H2N4O3","H2N3O+N3O2"
365,1,19,19,2,2,"N2+H3NO","HN2O+H2N"
366,1,40,40,2,2,"N2+HNO2","HN2O+NO"
367,1,26,26,3,2,"N2+HO+H4NO","H2N2O2+H3N"
368,1,14,14,2,1,"NO2+NO2","N2O4"
369,1,12,12,3,2,"HO+H3N+HN3O4","H3NO+H2N3O4"
370,1,6,6,2,1,"N2+NO","N3O"
371,1,18,18,1,2,"N2O","N2+O"
372,1,24,24,1,2,"N2O","O+N2"
373,1,31,31,2,1,"N2O+H2N","H2N3O"
374,1,34,34,5,4,"N2O+H3N+N2O+H2O+NO","HN2O+HN3O+H2O+HNO"
375,1,39,39,2,1,"N2O+H3NO","H3N3O2"
376,1,5,5,2,2,"N2O+H4N","HN2O+H3N"
377,1,37,37,2,1,"N2O+N2","N4O"
378,1,26,26,3,2,"N2O+N2+N2","N2+N4O"
379,1,20,20,2,2,"HNO2+HN8O11","NO2+H2N8O11"
380,1,9,9,2,2,"HNO2+H5N2O","NO2+H6N2O"
381,1,10,10,2,2,"HNO2+HN","NO2+H2N"
382,1,32,32,4,3,"HNO2+HN+H2N3O4+N3O4","H3N+HN6O8+NO2"
383,1,19,19,3,2,"HNO2+HN2O+HN","HN3O3+H2N"
384,1,10,10,2,2,"HNO2+HN3O","NO2+H2N3O"
385,1,28,28,2,2,"HNO2+HN4O4","H2N4O4+NO2"
386,1,35,35,2,2,"HNO2+HN4O4","NO+H2N4O5"
387,1,35,35,2,2,"HNO2+HN4O4","NO2+H2N4O4"
388,1,38,38,3,3,"HNO2+HN4O4+H2O","H2N4O4+HNO3+H"
389,1,35,35,1,2,"N2O3","NO2+NO"
390,1,40,40,2,2,"HNO2+HNO2","HN2O4+H"
391,1,29,29,2,2,"HNO2+N","NO+HNO"
392,1,24,24,2,1,"HNO2+N2","HN3O2"
393,1,9,9,2,2,"HNO2+N3O4","H+N4O6"
394,1,25,25,2,2,"HNO2+NO","NO+HNO2"
395,1,25,25,2,1,"HNO2+O","HNO3"
396,1,29,29,2,2,"HNO3+H","H2O+NO2"
397,1,14,14,2,2,"HNO3+H3N","NO2+H4NO"
398,1,3,3,3,3,"HNO3+H3N+H2N3O3","H2NO3+H3N+HN3O3"
399,1,27,27,3,2,"N3O4+H3N+HN3O5","H2N4O4+H2N3O5"
400,1,4,4,2,3,"N3O3+N3O4","NO2+N2+N3O5"
401,1,20,20,3,2,"N3O3+N3O4+H3N","N3O2+H3N4O5"
402,1,32,32,3,3,"N3O3+N6O9+H","N3O2+N3O5+HN3O5"
403,1,6,6,2,2,"N3O3+NO2","NO2+N3O3"
404,1,22,22,1,3,"N3O4","O+N2O+NO2"
405,1,25,25,2,2,"N3O4+H2N","H2N3O2+NO2"
406,1,3,3,2,2,"N3O4+H2N3O4","HN3O5+HN3O3"
407,1,15,15,2,1,"N3O4+H2N5O7","H2N8O11"
408,1,11,11,2,1,"N3O4+H2NO","H2N4O5"
409,1,27,27,3,2,"N3O3+HNO2+H2N","H3N4O3+NO2"
410,1,5,5,3,3,"N3O4+H3N+HN3O5","H2N4O4+H2O+N3O4"
411,1,10,10,4,4,"N3O4+H3N+HN3O5+H2N4O3","H2N4O4+HN3O5+H3N+N3O3"
412,1,13,13,3,2,"N3O4+H3N+N2O","H2N4O4+HN2O"
413,1,3,3,3,3,"N3O4+H3N+N3O3","H2N4O4+HN2O+NO2"
414,1,3,3,3,2,"N3O4+H3N+N3O3","HN3O4+H2N4O3"
415,1,2,2,4,5,"N3O4+H3N3O4+H3N+H4N","HN3O5+N3O+H4NO+H2O+H3N"
416,1,35,35,2,2,"N3O4+H3N4O5","HN3O4+H2N4O5"
417,1,38,38,3,2,"N3O4+H3NO+N2O","HN3O5+H2N3O"
418,1,2,2,2,1,"N3O4+H4N","H4N4O4"
419,1,12,12,3,3,"N3O3+H2O+H2N3O","HN3O4+H3N+N2O"
420,1,19,19,2,2,"N2O3+H3N","HN2O3+H2N"
421,1,30,30,2,1,"N2O3+NO2","N3O5"
422,1,7,7,1,2,"N3O","NO+N2"
423,1,31,31,2,2,"N3O2+H2N3O","H2N4O3+N2"
424,1,7,7,3,2,"N3O2+H2O+H2N","HN3O3+H3N"
425,1,37,37,2,1,"N3O2+H3N","H3N4O2"
426,1,33,33,2,1,"N3O2+HN2O","HN5O3"
427,1,12,12,2,1,"N3O2+N3O5","N6O7"
428,1,9,9,3,2,"N3O2+NO+NO2","N2+N3O5"
429,1,28,28,3,4,"HNO2+H3NO+H3N3O","NO2+H3N+H2O+H2N3O"
430,1,7,7,2,3,"N3O3+H3N","NO2+HN2O+H2N"
431,1,8,8,3,4,"N3O3+H3N+H4NO","NO2+N2+H4NO+H3NO"
432,1,8,8,3,2,"N3O3+H3N+HN3O5","H2N4O3+H2N3O5"
433,1,15,15,3,2,"N3O3+H3N+N3O5","H2N4O3+HN3O5"
434,1,4,4,4,4,"N3O3+H3N+O2+H4N","NO2+HN2O+H3NO2+H3N"
435,1,6,6,2,1,"N3O3+H3NO","H3N4O4"
436,1,4,4,2,4,"N3O3+H3NO","NO2+HNO+H2O+N2"
437,1,16,16,3,3,"N3O3+H3NO+H2N3O5","HN3O3+H3NO+HN3O5"
438,1,37,37,2,2,"N3O3+H4NO","HN3O4+H3N"
439,1,20,20,3,2,"H2O+H3NO+H3N","H4NO2+H4N"
440,1,39,39,3,2,"H2O+H2N+N2","H3N+HN2O"
441,1,5,5,3,2,"H2O+H2N+N3O2","H3N+HN3O3"
442,1,5,5,3,2,"H2O+H2N+N3O3","H3N+HN3O4"
443,1,19,19,3,2,"H2O+H2N+N3O4","H3N+HN3O5"
444,1,8,8,4,3,"H2O+H2N3O+H3N+N2O","H3N3O+H3NO+HN2O"
445,1,11,11,4,4,"H2O+H2N3O4+H2NO+N3O4","H3N+HN3O4+HN3O5+HO"
446,1,6,6,3,2,"H2O+H2N4O3+N3O5","H3N4O4+HN3O5"
447,1,18,18,4,3,"H2O+H2N4O6+H3N+NO2","H3N4O6+H3NO+HNO2"
448,1,23,23,3,3,"H2O+H3N+H2N3O","H4NO+H3N+N2O"
449,1,16,16,4,3,"H2O+H3N+H3NO+N2O","H4NO+H3NO+HN2O"
450,1,25,25,5,3,"H2O+H3N+N3O3+H2N4O3+H3N","H3NO+H4N4O3+H3N4O3"
451,1,5,5,3,3,"H2O+H2N+H2NO3","H3NO+H2O+HNO2"
452,1,6,6,4,4,"H2O+H3NO+H4N+HN3O2","H3N+H2O+H3N+H2N3O3"
453,1,12,12,3,2,"H2O+HN2O+H2N3O","H2N2O2+H3N3O"
454,1,5,5,3,2,"H2O+HN3O4+H3NO","H2N3O5+H4NO"
455,1,39,39,2,2,"H2O+N2O3","H+HN2O4"
456,1,23,23,4,3,"H2O+NO+H2N+H2N3O5","HNO+H4NO+HN3O5"
457,1,29,29,2,2,"H2O+NO2","H+HNO3"
458,1,28,28,2,2,"H2O+NO2","HNO3+H"
459,1,29,29,3,2,"H2O+NO2+H5N2O","HNO3+H6N2O"
460,1,38,38,3,2,"H2O2+NO+NO","HNO2+HNO2"
461,1,5,5,2,3,"H3N+H2N2O2","H4NO+HO+N2"
462,1,13,13,2,2,"H2NO2+H2N","HNO2+H3N"
463,1,28,28,2,2,"H2N5O9+N3O4","HN5O8+HN3O5"
464,1,33,33,2,3,"H2N6O5+N3O2","H2N4O3+N3O4+N2"
465,1,19,19,2,2,"H2N8O11+NO2","HN8O11+HNO2"
466,1,11,11,2,2,"H2NO+H2NO2","H3NO+HNO2"
467,1,22,22,3,3,"H2NO+H2NO2+H2N","H3NO+NO2+H3N"
468,1,6,6,3,2,"H2NO+H2O+HN3O3","H3NO+H2N3O4"
469,1,29,29,4,3,"H2NO+H2O+HNO2+N5O2","H4NO+NO2+HN5O3"
470,1,28,28,4,4,"H2NO+H3N+HNO2+HNO2","H3NO+H2NO2+H2N+NO2"
471,1,10,10,2,2,"H2NO+HN2O","H3NO+N2O"
472,1,3,3,2,2,"H2NO+HN3O5","H2N3O5+HNO"
473,1,25,25,3,3,"H2NO+N2+HNO2","H+H2N3O+NO2"
474,1,7,7,2,2,"H3N+H2N3O3","H4NO+HN3O2"
475,1,31,31,3,3,"H2NO2+H2N+H2N","H3N+H3N+NO2"
476,1,14,14,2,2,"H2NO2+H2NO","NO2+H4NO"
477,1,25,25,4,4,"H2NO2+H2NO+H3N+N3O3","H2N+H2O+H2N4O3+HNO2"
478,1,23,23,3,3,"H2NO2+H3N+N3O3","HNO2+H3N+HN3O3"
479,1,27,27,4,4,"H2NO2+H3NO+H2N+NO2","HNO2+H3N+H2NO+HNO2"
480,1,12,12,3,3,"H2NO2+N2+H2NO","H3N3O+H+NO2"
481,1,4,4,3,4,"H2NO3+H3N+HN3O3","H3N+H2O+N3O2+HNO3"
482,1,11,11,2,1,"H2O+H2N","H4NO"
483,1,32,32,2,2,"H2O+H2N","HO+H3N"
484,1,12,12,4,3,"H2O+H2N+H2NO2+H2N","H3N+H2NO3+H3N"
485,1,2,2,4,4,"H3N+HN3O4+HN3O4+H4N","H4NO+HN3O4+HN3O3+H3N"
486,1,5,5,2,2,"H3N+H4NO2","H4NO+H3NO"
487,1,22,22,3,3,"H3N+HN2O+H2N","H2N+HN2O+H3N"
488,1,17,17,3,3,"H3N+HN2O+HO","H2O+HN2O+H2N"
489,1,7,7,5,4,"H3N+HN3O2+H3N+HN3O5+H3N4O4","H3N4O2+H3N+HN3O5+H4N4O4"
490,1,3,3,2,2,"H3N+HN3O3","H4N+N3O3"
491,1,4,4,2,3,"H3N+HN3O3","H4NO+NO2+N2"
492,1,13,13,2,4,"H3N+HN3O3","HNO2+HO+N2+H2N"
493,1,3,3,3,4,"H3N+HN3O3+HN3O4","H2N3O+HNO2+H2O+N3O3"
494,1,4,4,2,3,"H3N+HN3O4","H2N+H2O+N3O3"
495,1,30,30,3,3,"H3N+HN3O4+H3N","H2N+HN3O3+H4NO"
496,1,32,32,3,4,"H3N+HN3O4+H4NO","HN+H2N3O4+H2O+H3N"
497,1,15,15,3,3,"H3N+H4NO+NO2","H4NO+H2N+HNO2"
498,1,38,38,2,2,"H3N+HN5O5","H4N+N5O5"
499,1,11,11,2,2,"H3N+HNO2","H2NO2+H2N"
500,1,19,19,3,3,"H3N+HNO2+H3NO","H2N+HNO2+H4NO"
501,1,23,23,2,1,"H3N+N2","H3N3"
502,1,5,5,4,3,"H3N+N2O+H2O+H2N","H2N3O+H2O+H3N"
503,1,17,17,4,4,"H3N+N2O+H2O+H2N3O","H2N3O+H2O+H3N+N2O"
504,1,35,35,4,3,"H3N+N2O+H2O+H3NO","H2N3O+H2O+H4NO"
505,1,24,24,5,4,"H3N+N2O+HNO2+O+NO2","H2N2O+HNO2+NO+HNO2"
506,1,37,37,2,2,"H3N+N2O4","H2N+HN2O4"
507,1,35,35,2,1,"H3N+N3O2","H3N4O2"
508,1,28,28,2,2,"H3N+H3N3O","H6N2O+N2"
509,1,37,37,2,2,"H3N+H2N3O5","H4NO+HN3O4"
510,1,16,16,2,2,"H3N+H2N8O11","H2N+H3N8O11"
511,1,30,30,5,5,"H3N+H2NO+H2N3O4+HNO2+HNO2","H3NO+H2N+H2N3O5+NO+H2NO2"
512,1,15,15,2,3,"H3N+H2NO3","H2N+H2O+HNO2"
513,1,7,7,3,3,"H3N+H2O+H2N","H2N+H2O+H3N"
514,1,5,5,4,4,"H3N+H2O+H3N+H2N3O3","H4N+H3NO+H2O+HN3O2"
515,1,26,26,3,2,"H3N+H2O+H3NO","H4N+H4NO2"
516,1,3,3,3,3,"H3N+H3N+HN3O4","H6N2O+N3O3+H"
517,1,30,30,3,3,"H3N+H3N+NO2","H2NO2+H2N+H2N"
518,1,15,15,2,3,"H3N+H3N3O","H2N+HN2O+H3N"
519,1,39,39,2,2,"H2N5O9+N3O4","HN3O5+HN5O8"
520,1,9,9,2,2,"H3N+H3N4O3","H2N+H4N4O3"
521,1,17,17,2,2,"H3N+H3N4O4","H4NO+H2N4O3"
522,1,26,26,2,4,"H3N+H3N6O4","H2N+HN3O4+N2+H3N"
523,1,31,31,2,2,"H3N+H3NO","H4NO+H2N"
524,1,25,25,2,2,"H3N+H3NO","H5N2O+H"
525,1,29,29,3,3,"H3N+H3NO+HN3O5","H3NO+H2N+H2N3O5"
526,1,17,17,3,3,"H3N+H3NO+HNO2","H4NO+H3N+NO2"
527,1,8,8,2,2,"H3N+H4N3O2","H4N3O2+H3N"
528,1,8,8,3,4,"H3N+H4N4O4+N3O5","H3NO+H3N4O3+HNO2+N2O3"
529,1,22,22,2,2,"H3N+H4NO","H6N2O+H"
530,1,11,11,3,6,"H2N2O2+H3N+HN3O3","HO+H3NO+H2O+N2+NO2+N2"
531,1,7,7,2,2,"H2N+HN3O4","H3N+N3O4"
532,1,15,15,2,3,"H2N+HN5O3","H3N+N3O3+N2"
533,1,10,10,3,2,"H2N+HN6O8+N3O3","H3N+N9O11"
534,1,12,12,3,2,"H2N+HN9O11+N3O4","H3N+N12O15"
535,1,18,18,2,2,"H2N+N2O","HN+HN2O"
536,1,13,13,4,3,"H2N+N5O5+HNO4+H3N","HN5O5+H2N+H3N2O4"
537,1,30,30,2,2,"H2N+NO2","HN+HNO2"
538,1,9,9,1,2,"H2N2O2","HO+HN2O"
539,1,14,14,2,3,"H2N2O2+H2N","HO+H3NO+N2"
540,1,27,27,2,2,"H2N2O2+H3N","H4NO+HN2O"
541,1,15,15,2,2,"H2N2O2+H3N","HN2O+H4NO"
542,1,31,31,3,3,"H2N+HN3O3+H3N","H3N+HN3O3+H2N"
543,1,7,7,2,2,"H2N2O2+N3O3","HN2O+HN3O4"
544,1,35,35,4,3,"H2N2O4+H3NO+H2O+H3NO","H4N2O4+H2NO+H4NO2"
545,1,30,30,1,2,"H2N3O","H2N+N2O"
546,1,15,15,1,2,"H2N3O","N2O+H2N"
547,1,4,4,2,2,"H2N3O+H2O","N2O+H4NO"
548,1,27,27,4,3,"H2N3O+H2O+H3N+NO2","H3N3O+H3NO+HNO2"
549,1,40,40,4,2,"H2N3O+H2O+HNO2+N2O","H3N3O+H2N3O4"
550,1,18,18,3,3,"H2N3O+H2O+N2","N2O+H3N+HN2O"
551,1,33,33,3,3,"H2N3O+H2O+N3O2","H3N+HN3O3+N2O"
552,1,26,26,5,3,"H2N3O+H2O+N3O2+N2+H","H4NO+N2+HN5O3"
553,1,16,16,3,2,"H2N+H2O+N2","H3N+HN2O"
554,1,30,30,2,2,"H+HNO3","H2O+NO2"
555,1,12,12,2,2,"H2N+H2N2O2","H3NO+HN2O"
556,1,4,4,3,4,"H2N+H2N2O2+H3N","H3NO+H2O+H2N+N2"
557,1,10,10,2,1,"H2N+H2N3O4","H4N4O4"
558,1,26,26,3,4,"H2N+H2N5O5+H3NO","H3N+N5O5+H3N+HO"
559,1,9,9,4,4,"H2N+H2N5O5+H3NO+NO2","H3NO+N5O5+H3N+HNO2"
560,1,21,21,2,2,"H2N+H2N5O8","H3N+HN5O8"
561,1,13,13,2,3,"H2N+H2N6O8","H3N+N3O4+HN3O4"
562,1,7,7,4,4,"H2N+H2NO2+HN+H4NO","H4NO+NO2+H2N+H3N"
563,1,8,8,3,3,"H2N+H2O+H3N4O2","H3N+H2O+H2N4O2"
564,1,11,11,3,3,"H2N3O+HNO2+H","H2NO+N2+H2NO2"
565,1,9,9,3,2,"H2N+H2O+N3O2","H3N+HN3O3"
566,1,17,17,2,2,"H2N+H3N8O11","H3N+H2N8O11"
567,1,30,30,3,3,"H2N+H3NO+H2N3O5","H3NO+H3N+HN3O5"
568,1,20,20,2,3,"H2N+H4N4O3","H3N+H3N+N3O3"
569,1,11,11,2,2,"H2N+H4NO","H5N2O+H"
570,1,16,16,4,3,"H2N+HN2O+H3N+N3O3","H3N+HN2O+H2N4O3"
571,1,19,19,3,3,"H2N+HN2O+H3NO","H3N+HN2O+H2NO"
572,1,22,22,3,3,"H2N+HN2O+HNO","H3N+HN2O+NO"
573,1,23,23,4,2,"H2N+HN2O+N2O+N2","H3N+N6O2"
574,1,9,9,3,2,"H2N+HN3O3+H2N","H3N+H2N4O3"
575,1,38,38,2,2,"H2N4O4+HO","HN4O4+H2O"
576,1,17,17,2,2,"H2N4O3+H4N","H3N4O3+H3N"
577,1,14,14,2,3,"H2N4O3+HN3O5","N3O3+H3N+N3O5"
578,1,20,20,3,3,"H2N4O3+HN3O5+N2","N3O3+H3N+N5O5"
579,1,29,29,2,2,"H2N4O3+HNO2","H3N4O3+NO2"
580,1,28,28,2,3,"H2N4O3+HNO2","N3O3+H3N+NO2"
581,1,39,39,2,1,"H2N4O3+HO","H3N4O4"
582,1,34,34,2,3,"H2N4O3+N2","H2N3O+NO2+N2"
583,1,32,32,3,2,"H2N4O3+N2+N3O4","H2N6O5+N3O2"
584,1,30,30,2,2,"H2N4O3+NO2","HN4O3+HNO2"
585,1,33,33,3,2,"H2N4O4+H2O+H3N","H3N4O4+H4NO"
586,1,39,39,3,3,"H2N4O4+HNO3+H","HN4O4+HNO2+H2O"
587,1,7,7,3,4,"H2N4O3+H2N3O4+H3NO","H3N4O3+N3O3+H2O+H2NO"
588,1,33,33,2,2,"H2N4O4+N3O5","HN4O4+HN3O5"
589,1,10,10,2,2,"H2N4O4+N5O5","HN4O4+HN5O5"
590,1,38,38,2,1,"H2N4O4+NO","H2N5O5"
591,1,36,36,2,3,"H2N4O5+HN3O4","H3N+N3O4+N3O5"
592,1,40,40,3,3,"H2N4O5+HNO2+N3O2","H3N+NO2+N6O7"
593,1,14,14,2,1,"H2N4O5+NO2","H2N5O7"
594,1,32,32,4,4,"H2N4O6+H2O+H7N14O15+H2N3O5","H3N4O6+H2O+H7N14O15+HN3O5"
595,1,37,37,2,3,"H2N5O4+H4NO","HN5O3+H2O+H3NO"
596,1,39,39,1,2,"H2N5O5","NO2+H2N4O3"
597,1,15,15,3,3,"H2N5O8+H3NO+N3O4","HN5O8+H3N+HN3O5"
598,1,14,14,2,2,"H2N3O5+H2N","H3N+HN3O5"
599,1,38,38,2,2,"H2N3O+N6O8","HN3O+HN6O8"
600,1,27,27,4,5,"H2N3O2+H2O+H2N+NO2","N2+NO2+H2O+H3N+HNO2"
601,1,2,2,2,3,"H2N3O4+H3N","HO+H4NO+N3O2"
602,1,2,2,5,8,"H2N3O4+H3N+N3O4+N3O4+H4N","HNO2+N2O+H3NO+HN3O5+NO2+HO+H3N+N2"
603,1,39,39,3,3,"H2N3O4+H3NO+HN3O4","HN3O4+H3N+H2N3O5"
604,1,2,2,3,6,"H2N3O4+H4N+H4N","NO2+H2O+H3N+N2+H2O+H3N"
605,1,2,2,8,12,"H2N3O4+H4N+N3O4+HN3O4+H4N+H4N+H3N+H4N","HN3O3+H2O+H2NO+HNO2+N2+H2O+HNO2+H2N+HN2O+H4NO+H3N+H3N"
606,1,16,16,4,6,"H2N3O4+H4N4O3+H4NO+H3NO","H3N+N3O2+H4NO+H3NO+HN2O4+H2NO"
607,1,8,8,2,2,"H2N3O4+NO","HN3O3+HNO2"
608,1,31,31,1,2,"H2N3O5","HN3O4+HO"
609,1,34,34,2,2,"H3N+N3O3","HN3O3+H2N"
610,1,17,17,2,2,"H2N3O5+H2N","HN3O5+H3N"
611,1,16,16,2,2,"H2N3O5+H3NO","HN3O5+H4NO"
612,1,36,36,3,3,"H2N3O5+H3NO+H2N","HN3O5+H3N+H3NO"
613,1,4,4,2,3,"H2N3O5+H4N","H2O+H3N+HN3O4"
614,1,11,11,2,2,"H2N3O5+HN3O","HN3O5+H2N3O"
615,1,9,9,2,2,"H2N3O5+HNO","HN3O5+H2NO"
616,1,17,17,2,3,"H2N4O2+H2O","N3O2+H3N+HO"
617,1,12,12,2,2,"H2N4O2+HN3O5","HN4O2+H2N3O5"
618,1,36,36,2,2,"H2N4O3+H2N","H2N+H2N4O3"
619,1,37,37,2,2,"H2N4O3+H2N","H4N2O+N3O2"
620,1,37,37,2,2,"H4N2O4+H2NO","H3N2O4+H3NO"
621,1,2,2,3,3,"H4N+N3O4+H4N","H3N+H2N3O4+H3N"
622,1,2,2,6,8,"H4N+N3O4+H4N+H4N+N3O4+H4N","H2N+HNO2+H2N2O2+H3N+H3N+H2O+N3O3+H3N"
623,1,2,2,4,3,"H4N+N3O4+HN3O4+N3O4","H3N+H2N3O5+N6O7"
624,1,2,2,3,3,"H4N+N3O4+N3O4","H3N+HN3O5+N3O3"
625,1,2,2,3,3,"H4N+N3O4+N3O4","HN3O3+H3N+N3O5"
626,1,2,2,2,3,"H4N+N3O5","H3N+HO2+N3O3"
627,1,38,38,1,2,"H4N13O15","HN12O15+H3N"
628,1,25,25,2,2,"H4N13O15+H2N","H3N13O15+H3N"
629,1,28,28,2,2,"H4N13O15+H2N2O","H3N13O15+H3N2O"
630,1,31,31,4,3,"H4N13O15+H3N+H3N2O+HN3O5","H7N14O15+H2N2O+H2N3O5"
631,1,38,38,2,2,"H4N2O+N3O2","H2N+H2N4O3"
632,1,6,6,5,9,"H4N+N3O4+H2N4O3+H4N+H3N","H3N+H2O+NO2+H4NO+NO2+HNO+N2+N2+H3N"
633,1,20,20,2,2,"H4N4O3+H2N","H3N4O3+H3N"
634,1,10,10,2,3,"H4N4O3+H2N","N3O3+H3N+H3N"
635,1,9,9,1,2,"H4N4O4","H3N+HN3O4"
636,1,15,15,3,3,"H4N4O4+H3N+N2O4","H4N4O3+HO+H2N3O4"
637,1,12,12,4,3,"H4N4O4+N4O6+H2O+H3NO","H3N4O4+H2N4O7+H4NO"
638,1,39,39,3,3,"H4N4O7+H4NO+H2N","H+H6N5O7+H3NO"
639,1,37,37,1,2,"H4N7O8","H3N+HN6O8"
640,1,28,28,1,2,"H4NO","H3NO+H"
641,1,6,6,1,2,"H4NO","HO+H3N"
642,1,37,37,2,3,"H4NO+H2NO3","H3NO+H2O+HNO2"
643,1,2,2,2,4,"H4N+HN3O4","H3N+H2O+N2O+NO2"
644,1,3,3,3,4,"H4N+H2O+H2N4O3","H3N+H2O+H3N+N3O3"
645,1,2,2,5,7,"H4N+H2O+HN3O3+H3N+HN3O4","H2O+H3NO+H+H3N2O2+N2+H2O+N3O3"
646,1,2,2,3,3,"H4N+H3N+N3O4","H3N+H4NO+N3O3"
647,1,2,2,4,7,"H4N+H3N3O4+H3N+H4N","H2O+H2O+NO+N2+H4NO+H3N+H3N"
648,1,4,4,5,5,"H4N+H3NO+H2O+H2N3O3+N3O4","H3N+H2O+H3N+H2N3O3+HN3O5"
649,1,2,2,3,3,"H4N+H4N+N3O4","H3N+H2N3O4+H3N"
650,1,2,2,3,4,"H4N+H4N+N3O4","H3N+H2O+H3N+N3O3"
651,1,2,2,4,6,"H4N+H4N+N3O4+H4N","H3N+H2O+H3N+HN2O+H3N+NO2"
652,1,2,2,5,6,"H4N+H4N+N3O4+HN3O4+N3O4","H3N+H3NO+H2O+HN3O4+N3O3+N3O3"
653,1,24,24,2,3,"H4N+H4NO2","H3N+H2O+H3NO"
654,1,2,2,2,3,"H4N+HN3O4","H2O+N3O3+H3N"
655,1,36,36,3,4,"H4NO+H2O+H2N3O","H3NO+H2O+H3N+N2O"
656,1,2,2,2,3,"H4N+HN3O4","H3N+H2O+N3O3"
657,1,7,7,3,3,"H4N+HN3O4+N3O4","HN3O3+H3N+HN3O5"
658,1,2,2,2,2,"H4N+HO","H3N+H2O"
659,1,3,3,2,2,"H4N+N3O2","H3N+HN3O2"
660,1,6,6,2,3,"H4N+N3O3","H3N+HN2O+NO2"
661,1,6,6,2,2,"H4N+N3O3","HN3O3+H3N"
662,1,2,2,2,3,"H4N+N3O3","HNO2+N2O+H3N"
663,1,4,4,2,2,"H4N+N3O4","H2N+H2N3O4"
664,1,2,2,2,2,"H4N+N3O4","H4NO+N3O3"
665,1,3,3,2,2,"H4N+N3O4","HN3O4+H3N"
666,1,40,40,2,2,"H6N5O7+H","H3N+H4N4O7"
667,1,34,34,2,2,"H4NO+N5O5","H3NO+HN5O5"
668,1,13,13,2,2,"H4NO+NO2","H2NO2+H2NO"
669,1,36,36,3,3,"H4NO+NO2+H3N","H2N+HNO2+H4NO"
670,1,23,23,3,3,"H5N13O15+H2N+NO2","H4N13O15+H2N+HNO2"
671,1,19,19,2,2,"H5N2O+H","H3N+H3NO"
672,1,15,15,3,3,"H5N2O+H+HNO2","H4NO+H3N+NO2"
673,1,40,40,2,3,"H5N2O+H5N13O15","H6N2O+HN12O15+H3N"
674,1,12,12,3,3,"H5N2O+HNO2+H","H3N+H4NO+NO2"
675,1,26,26,2,2,"H6N2O+N2","H3N+H3N3O"
676,1,13,13,2,2,"H6N2O+NO2","H5N2O+HNO2"
677,1,7,7,2,2,"H6N2O+NO2","HNO2+H5N2O"
678,1,11,11,2,3,"H4NO+N5O5","H3N+HN3O5+N2O"
679,1,33,33,2,2,"HN+H2N3O4","H2N+HN3O4"
680,1,39,39,3,2,"HN12O15+H3N+H6N2O","H5N13O15+H5N2O"
681,1,24,24,2,2,"HN2O+H2N","H3NO+N2"
682,1,22,22,3,2,"HN2O+H2N+H3N","H3N+H3N3O"
683,1,17,17,3,3,"HN2O+H2N+N2O","N2O+H2N+HN2O"
684,1,12,12,3,3,"HN2O+H2N3O5+HN","N2+H3NO+HN3O5"
685,1,17,17,2,3,"HN2O+H2N4O3","N2O+H3N+N3O3"
686,1,23,23,3,3,"HN2O+H2N4O4+N2O","N2O+H2N4O4+HN2O"
687,1,20,20,2,2,"HN2O+H2NO","H3NO+N2O"
688,1,18,18,3,2,"HN2O+H2O+H2N","H2N2O2+H3N"
689,1,4,4,2,2,"H4NO+HN2O","H3N+H2N2O2"
690,1,31,31,2,2,"H4NO+H3N","H+H6N2O"
691,1,4,4,3,4,"H4NO+H3N+H2N3O5","H3NO+H2O+HN3O4+H3N"
692,1,8,8,3,4,"H4NO+H3N+H2NO3","H3N+H3NO+H2O+HNO2"
693,1,39,39,4,6,"H4NO+H3N+H3N3O+H2NO3","H2N+H3NO+HN2O+H3N+H2O+HNO2"
694,1,7,7,3,4,"H4NO+H3N+N5O4","H3N+H3NO+HN3O3+N2O"
695,1,17,17,3,3,"H4NO+H3N+NO2","H3N+H3NO+HNO2"
696,1,4,4,2,2,"H4NO+H3NO","H3N+H4NO2"
697,1,9,9,3,4,"H4NO+H3NO+H3N","H3N+H3NO+H2O+H2N"
698,1,17,17,3,4,"H4NO+H3NO+HN2O","H3N+H2O+H3NO+N2O"
699,1,3,3,2,3,"H4NO+H4N4O4","H3NO+H2O+H3N4O3"
700,1,12,12,2,2,"H4N+H2N4O4","H3N+H3N4O4"
701,1,11,11,2,3,"H4NO+HN2O","H3N+H2O+N2O"
702,1,17,17,2,2,"H4NO+HN3O4","H3NO+H2N3O4"
703,1,23,23,2,2,"H4NO+HN3O5","H3NO+H2N3O5"
704,1,30,30,2,4,"H4NO+HN5O3","H3NO+H2O+N3O2+N2"
705,1,20,20,3,5,"H4NO+HN5O3+NO2","H2NO+H2O+N3O2+N2+HNO2"
706,1,15,15,2,2,"H4NO+HNO2","H2NO2+H3NO"
707,1,19,19,4,6,"H4NO+HO+HN3O3+O","H2O+H2O+H2O+NO2+N2+NO"
708,1,27,27,2,2,"H4NO+N2","H3N3O+H"
709,1,7,7,3,3,"H4NO+N2+H4NO","H4N3O2+H3N+H"
710,1,8,8,4,4,"H4NO+N3O4+H3N+N3O3","H2N+H2N5O5+H3NO+NO2"
711,1,18,18,2,2,"H3N4O3+H3N","H2N4O3+H4N"
712,1,3,3,2,2,"H3N2O2+H","H3N+HNO2"
713,1,34,34,3,3,"H3N2O4+H2O+H3N","H2O+H2N2O4+H4N"
714,1,16,16,2,2,"H3N2O4+N3O3","H2N2O4+HN3O3"
715,1,24,24,2,1,"H3N3+N3O4","H3N6O4"
716,1,9,9,2,2,"H3N3O+H","H3N+HN2O"
717,1,5,5,2,3,"H3N3O+H","HO+H3N+N2"
718,1,28,28,2,2,"H3N3O+H","N2+H4NO"
719,1,28,28,4,5,"H3N3O+H+NO2+HN5O3","H2NO+HNO2+N2+H2O+N5O2"
720,1,26,26,2,4,"H3N3O+HN3O3","H2N+N2O+H2O+N3O2"
721,1,40,40,3,5,"H3N3O2+N3O4+H3N","N2+N2O3+HNO2+H2N+H3NO"
722,1,3,3,2,3,"H3N3O4+H4NO","H2N3O3+H2O+H3NO"
723,1,33,33,1,2,"H3N2O2","HNO2+H2N"
724,1,19,19,2,2,"H3N4O3+H3N","H4N4O3+H2N"
725,1,38,38,1,2,"H3N4O4","H2N4O3+HO"
726,1,7,7,1,2,"H3N4O4","H3NO+N3O3"
727,1,13,13,3,3,"H3N4O4+H2N4O7+H","H4N4O4+HN3O5+HNO2"
728,1,28,28,2,2,"H3N4O4+N3O4","H2N4O4+HN3O4"
729,1,22,22,1,2,"H3N4O5","N3O5+H3N"
730,1,33,33,4,5,"H3N4O6+H2O+H7N14O15+H2N","H2N4O6+H2O+H3N+H4N13O15+H3N"
731,1,11,11,3,4,"H3N4O6+H3NO+HN2O","H2N4O6+H2O+H3N+N2O"
732,1,19,19,3,4,"H3N4O6+H3NO+HNO2","H2N4O6+H2O+H3N+NO2"
733,1,4,4,1,3,"H3N7O7","N5O5+NO2+H3N"
734,1,36,36,2,2,"H3N+N5O5","H2N+HN5O5"
735,1,8,8,3,3,"H3N+N3O3+HN6O7","H2N4O3+HNO2+HN5O5"
736,1,33,33,5,5,"H3N+N3O3+N2+H2O+N3O4","H2N+HN3O2+NO+HNO+HN3O4"
737,1,40,40,3,2,"H3N+N3O3+N3O3","HN3O3+H2N4O3"
738,1,4,4,3,2,"H3N+N3O3+N3O5","H2N4O3+HN3O5"
739,1,6,6,2,2,"H3N+N3O4","H2N+HN3O4"
740,1,23,23,2,1,"H3N+N3O4","H3N4O4"
741,1,19,19,3,3,"H3N+N3O4+HN2O","H2N4O4+H2O+N2"
742,1,7,7,3,2,"H3N+N3O4+N3O4","H2N+HN6O8"
743,1,2,2,3,2,"H3N+N3O4+N3O4","H2N4O4+HN3O4"
744,1,14,14,2,2,"H3N+N5O3","H2N+HN5O3"
745,1,39,39,2,3,"H3N7O8+HNO2","H3N+HN6O8+NO2"
746,1,15,15,5,5,"H3N+N5O5+H3NO+HNO2+H4NO","H2N5O5+H3NO+H3N+NO2+H3NO"
747,1,23,23,3,3,"H3N+N5O5+H4NO","H2N+H2N5O5+H3NO"
748,1,11,11,2,2,"H3N+N9O11","H2N+HN9O11"
749,1,34,34,2,1,"H3N+NO","H3N2O"
750,1,6,6,3,3,"H3N+NO2+H2N","H2N+H2NO2+HN"
751,1,38,38,3,2,"H3N+NO2+HN6O8","HNO2+H3N7O8"
752,1,30,30,2,2,"H3N13O15+H3N","H4N13O15+H2N"
753,1,22,22,3,3,"H3N13O15+H3N+H3N","H5N13O15+H2N+H2N"
754,1,27,27,3,2,"H3N13O15+H3N+NO","H4N13O15+H2N2O"
755,1,36,36,3,4,"H3N2O+H2O+N2","H3N+H2O2+N2+N"
756,1,40,40,2,2,"H3NO+N2","H2N+HN2O"
757,1,40,40,4,3,"H3NO+HN2O+H3N+H2N","H3N+H3N3O+H3NO"
758,1,6,6,2,2,"H3NO+HN3O3","H4NO+N3O3"
759,1,5,5,2,2,"H3NO+HN3O4","H2N3O4+H2NO"
760,1,3,3,2,2,"H3NO+HN3O4","H4NO+N3O4"
761,1,40,40,2,2,"H3NO+HN3O5","H2NO+H2N3O5"
762,1,31,31,2,2,"H3NO+HN3O5","H4NO2+N3O4"
763,1,24,24,2,4,"H3NO+HN5O3","H2NO+H2O+N3O2+N2"
764,1,35,35,2,2,"H3NO+HN5O5","H4NO+N5O5"
765,1,27,27,3,3,"H3NO+HNO2+H2N4O3","H3N+NO2+H3N4O4"
766,1,6,6,3,3,"H3NO+HNO2+H3N","H+H6N2O+NO2"
767,1,11,11,3,2,"H3NO+HO+N2","H2N+H2N2O2"
768,1,6,6,2,2,"H3NO+H4NO","H4NO2+H3N"
769,1,8,8,2,2,"H3NO+N2O","H2NO+HN2O"
770,1,16,16,2,1,"H3NO+N3O5","H3N4O6"
771,1,30,30,2,2,"H3NO+NO2","H2N+HNO3"
772,1,25,25,3,4,"H3NO+O+HN3O3","H2NO2+H2O+NO2+N2"
773,1,9,9,3,3,"H3NO2+HN3O3+NO2","H3N+N3O3+HNO4"
774,1,2,2,2,3,"H4N+H2N3O4","H3N+H2N3O3+HO"
775,1,2,2,2,4,"H4N+H2N3O4","H3N+H2O+N2O+HNO2"
776,1,2,2,3,6,"H4N+H2N3O4+H4N","H3N+H2O+NO2+N2+H2O+H3N"
777,1,2,2,3,3,"H4N+H2N3O4+N3O4","H3NO+H3N3O4+N3O3"
778,1,15,15,2,4,"H4N+H2N4O3","H3N+H3NO+NO2+N2"
779,1,6,6,3,2,"H3NO+H2O+H2N","H4NO+H3NO"
780,1,16,16,2,2,"H3NO+H2N3O4","H4NO+HN3O4"
781,1,21,21,4,4,"H3NO+H2N3O4+H3N+N3O4","H3N+HN3O4+H2O+H2N4O4"
782,1,14,14,3,3,"H3NO+H2N3O4+N2","H3N+HN3O4+HN2O"
783,1,38,38,3,3,"H3NO+H2N3O5+H2N","H3N+HN3O5+H3NO"
784,1,24,24,3,3,"H3NO+H2N3O5+H3N","H3N+HN3O5+H4NO"
785,1,16,16,5,5,"H3NO+H2N5O5+H3NO+H3N+NO2","H4NO+N5O5+H3N+H3NO+HNO2"
786,1,25,25,5,5,"H3NO+H2N5O8+HN3O5+H3N+N2","H3N+H2N5O9+N3O4+H+H3N3O"
787,1,16,16,2,2,"H3NO+H2NO2","H4NO+HNO2"
788,1,29,29,4,4,"H3NO+H2NO2+H2N+HN3O4","H3N+HNO2+H2NO+H2N3O4"
789,1,31,31,3,4,"H3NO+H2NO2+H2N3O5","H3N+HNO2+H2O+HN3O5"
790,1,40,40,2,3,"HN2O+H3N","H2O+H2N+N2"
791,1,10,10,3,3,"H3NO+H2O+H4NO","H4NO+H2O+H3NO"
792,1,38,38,4,3,"H3NO+H2O+HN5O3+N3O2","H4NO+HN5O3+HN3O3"
793,1,15,15,3,2,"H3NO+H2O+N2","H4NO+HN2O"
794,1,31,31,4,2,"H3NO+H2O+N3O2+N2","H4NO+HN5O3"
795,1,9,9,3,2,"H3NO+H2O+NO2","H4NO+HNO3"
796,1,16,16,2,2,"H3NO+H3N","H2N+H4NO"
797,1,22,22,2,2,"H3NO+H3N","H4NO+H2N"
798,1,18,18,2,2,"H3NO+H3N","H5N2O+H"
799,1,26,26,3,5,"H3NO+H4N4O3+H3N4O3","H3N+H3N4O3+H2O+N3O3+H2N"
800,1,7,7,2,3,"H3NO+H4NO","H2N+H2O+H3NO"
