hash,formula,smiles,total_connections,precursors,derivatives
2755846643,H2O,[H]O[H],10,7,3
3160562715,C7H9,[H]C([H])C1=C([H])C([H])([H])C([H])=C([H])C1([H])[H],3,2,1
1814455329,HOFe,[H][O][Fe],3,1,2
1235566610,C3H6,[H]C([H])=C([H])C([H])([H])[H],2,1,1
2842362572,C8H10O2,[H]OC(=O)C1([H])C([H])C([H])([H])C([H])C(=C([H])[H])C1([H])[H],2,0,2
4003333975,C7H8,[H]C([H])=C1C([H])=C([H])C([H])=C([H])C1([H])[H],2,1,1
2547091817,C3H5,[H]C([H])C([H])=C([H])[H],2,0,2
2085615971,H2O2Fe,[H][O][Fe][O][H],2,0,2
3764204667,H,[H],2,0,2
2463241202,CO2,O=C=O,2,1,1
497902870,C15H14O2,[H]C1=C([H])C(=O)C([H])=C([H])C1C(C1=C([H])C([H])=C(O)C([H])=C1[H])(C([H])([H])[H])C([H])([H])[H],2,0,2
2888608756,CH3,[H]C([H])[H],2,1,1
666753413,H4O4Fe,[H][O][Fe]([O][H])([O][H])[O][H],2,1,1
2077311551,C14H11O2,[H]C1C([H])=C(C(C2=C([H])C([H])=C(O)C([H])=C2[H])C([H])([H])[H])C([H])C([H])=C1O,2,2,0
4877144,C3H7,[H]C([H])C([H])([H])C([H])([H])[H],2,1,1
1701856242,H3O3Fe,[H][O][Fe]([O][H])[O][H],2,2,0
3996691446,C3H4,[H]C([H])=C=C([H])[H],2,1,1
2751761918,C217H558O1588Fe859,[H][O][Fe][O][Fe]([O][H])[O][Fe][O][Fe][O][Fe]([O][H])[O][Fe]1234[O][Fe]([O][Fe]5[O][Fe]([O][H])[O][Fe]([O][Fe][O][H])[O][Fe]67([O][Fe][O][H])[O][Fe][O][Fe]8([O][H])([O][Fe])([O]5)[O][Fe]([O][Fe])([O][Fe]59([O][Fe]([O][Fe][O][H])[O][Fe]%10[O][Fe][O][Fe]([O][H])[O][Fe]%11%12%13[O][Fe]([O][H])[O][Fe]%14[O][Fe]([O][H])[O][Fe]([O][Fe][O][H])[O][Fe]([O][Fe]([O][H])[O][Fe]([O][H])([O][H])[O][H])([O][Fe]([O][H])[O][Fe]%15([O][H])([O][Fe])([O]%14)[O][Fe]([O][Fe])([O]%11)([O][Fe]%11([O][Fe]([O][H])[O][Fe]%14([O][H])([O][H])([O][H])[O][Fe]([O][Fe])[O]%14)([O][Fe]([O][Fe][O][H])[O][Fe][O][Fe][O][Fe]([O][H])[O][Fe]%14%16%17[O][Fe]([O][H])[O][Fe]%18[O][Fe]([O][H])[O][Fe]([O][Fe][O][Fe][O][Fe]%19%20([O]%14)[O][Fe]%14([O][Fe]([O][Fe][O][H])[O][Fe]%21([O][H])([O][H])([O][H])[O][Fe]([O][Fe])[O]%21)([O][Fe]([O][Fe][O][H])[O][Fe]%21[O][Fe][O][Fe]([O][H])[O][Fe]%22%23([O][H])[O][Fe]([O][H])[O][Fe]%24[O][Fe]([O][H])[O][Fe]%25[O][Fe][O][Fe][O][Fe]%26%27([O][Fe]([O][Fe]([O][H])[O][Fe]([O][H])([O][H])([O][H])([O][H])[O][Fe][O][Fe])[O][Fe]([O][Fe][O][H])[O][Fe]%28[O][Fe][O][Fe]([O][H])[O][Fe]%29%30([O][H])[O][Fe]([O][H])[O][Fe]%31[O][Fe]([O][H])[O][Fe]([O][Fe][O][H])[O][Fe]([O][H])([O][Fe])([O][Fe]([O][H])[O][Fe]%32%33([O][Fe])([O][Fe]%34[O][Fe][O][Fe]([O][H])[O][Fe]%35%36%37[O][Fe]([O][H])[O][Fe]%38[O][Fe]([O][H])[O][Fe]([O][Fe][O][H])[O][Fe]%39%40([O][Fe][O]C([H])C([H])=C([H])C(=C([H])C([H])[H])C([H])([H])[H])[O][Fe]([O][H])[O][Fe]%41%42([O][Fe])([O][Fe]%43[O][Fe][O][Fe]([O][H])[O][Fe]%44%45%46[O][Fe]([O][H])[O][Fe]%47[O][Fe]([O][H])[O][Fe]([O][Fe][O][H])[O][Fe]([O][H])([O][Fe])([O][Fe][O][H])[O][Fe]%48%49%50[O][Fe]([O][H])[O][Fe][O][Fe]%51[O][Fe]([O][Fe][O][H])[O][Fe]%52%53([O][Fe]([O][Fe][O][H])[O][Fe]%54([O][H])([O][H])[O][Fe]([O][Fe])[O]%54)[O][Fe]%54%55([O][Fe][O][H])[O][Fe]([O][Fe][O][H])[O][Fe]([O][H])[O][Fe]([O][Fe]([O][H])[O]%48)[O][Fe]%48([O][Fe])([O][Fe]%56[O][Fe][O][Fe]([O][Fe])[O][Fe]%57([O][Fe][O][H])[O][Fe]%58%59([O][Fe]([O][Fe][O][H])[O][Fe]%60([O][H])([O][H])([O][H])[O][Fe]([O][Fe])[O]%60)[O][Fe]([O][Fe][O][H])[O][Fe]%60[O][Fe][O][Fe]([O][H])[O][Fe]%61%62([O][Fe][O][H])[O][Fe]%63%64([O][Fe])[O][Fe]([O][Fe]([O][H])[O][Fe]([O][H])([O][Fe][O][H])([O][Fe]([O][Fe][O][H])[O][Fe][O][H])[O]%58)([O]%63)[O][Fe]%58%63%65([O][Fe][O][H])[O][Fe]([O][H])[O][Fe]%66%67%68%69[O][Fe][O][Fe]%70([O][Fe])[O][Fe]([O][H])[O][Fe]%71[O][Fe]([O][H])[O][Fe]%72[O][Fe]([O][H])[O][Fe]%73%74([O][Fe]([O][H])[O]%70)[O][Fe]%70%75([O][Fe])[O][Fe]%76([O][Fe])([O][Fe]%77[O][Fe][O][Fe]([O][H])[O][Fe]%78%79%80[O][Fe]([O][H])[O][Fe]%81[O][Fe]([O][H])[O][Fe]([O][Fe][O][H])[O][Fe]%82%83([O][Fe])[O][Fe]([O][H])[O][Fe]%84([O][Fe])([O]%28)([O]%81)[O][Fe]([O][Fe])([O]%78)([O][Fe]%28%78([O][Fe]%81[O][Fe]([O][H])([O][H])([O][Fe])[O][Fe][O][Fe]%85%86([O][H])([O][Fe])[O][Fe]([O][H])[O][Fe]%87([O][Fe][O][Fe]([O][H])[O][Fe]([O][Fe])([O][Fe]([O][H])[O][Fe])([O][Fe]([O][H])([O][Fe][O][Fe]%88([O][H])([O][H])[O][Fe]([O][Fe])[O]%88)[O]6)[O]7)([O][Fe][O][Fe]6[O][Fe]7([O][H])([O][H])([O]C=C=CC(=C([H])[H])C%88=C(O)C([H])=C([H])C(=C([H])C(C([H])([H])[H])C%89=C([H])C(=C([O][Fe])C([H])=C%89[H])[O][Fe]%89([O][H])([O][H])([O][H])[O][Fe]%90([O][Fe])[O][Fe]%91%92([O][Fe][O][Fe]([O][Fe])[O][Fe]%93([O][Fe]([O][H])[O][Fe])[O][Fe][O][Fe]%94([O][Fe][O][Fe]%95([O][H])([O][H])([O][H])[O][Fe]([O][Fe])[O]%95)([O][Fe]([O][Fe][O][H])[O][Fe][O][Fe][O][Fe]([O][H])[O][Fe]%95%96%97[O][Fe]([O][H])[O][Fe]%98[O][Fe]([O][H])[O][Fe]([O][Fe][O][H])[O][Fe]([O][H])([O][Fe][O]C=C%99C([H])C([H])=C([H])C([H])=C%99[H])([O][Fe]([O][H])[O][Fe]%99%(100)([O][Fe])([O][Fe]%(101)[O][Fe][O][Fe]([O][H])[O][Fe]%(102)%(103)%(104)[O][Fe]([O][H])[O][Fe]([O][H])[O][Fe]%(105)%(106)([O][H])([O][H])[O][Fe]([O][Fe]([O][H])[O][Fe][O][H])[O][Fe][O][Fe]([O][H])[O][Fe]%(107)([O][H])([O][Fe][O][H])[O][Fe]%(108)%(109)([O][Fe][O][H])[O][Fe]([O][Fe][O][H])[O][Fe][O][Fe][O][Fe]%(110)[O][Fe]%(111)%(112)([O][Fe]([O][H])[O][Fe]([O][H])([O][H])([O][H])([O][H])[O][Fe][O][Fe])[O][Fe]([O][Fe][O][H])[O][Fe]%(113)[O][Fe][O][Fe]([O][H])[O][Fe]%(114)%(115)([O][Fe][O][H])[O][Fe]%(116)([O][Fe][O][H])([O][Fe]([O][Fe][O][H])[O][Fe][O][H])[O][Fe]([O][H])[O][Fe]%(117)%(118)([O][Fe]([O][Fe])([O]%57)([O]%59)[O]%(117))[O][Fe]%57%59%(117)([O][Fe])[O][Fe][O][Fe]%(119)([O][Fe])[O][Fe]([O][H])[O][Fe]([O][H])[O][Fe]%(120)%(121)%(122)[O][Fe][O]C(=C([H])C([H])=C%(123)C([H])C(C([H])([H])[H])=C([H])C([H])=C%(123)[H])[O][Fe]([O]%(120))[O][Fe]%(120)%(123)%(124)([O][Fe])[O][Fe]([O][Fe][O][H])[O][Fe]([O][H])[O][Fe]([O][H])([O][Fe]([O][H])[O]%(119))[O][Fe]([O][Fe])([O][Fe]%(119)%(125)([O][Fe]%(126)([O][H])([O][Fe][O][H])[O][Fe]%(127)[O][Fe]([O][H])[O][Fe]%(128)[O][Fe]([O][H])[O][Fe]%(129)%(130)%(131)[O][Fe]([O][H])[O][Fe]([O][Fe])([O][Fe][O][Fe]%(132)([O][H])([O][Fe])([O][Fe]([O][H])[O][Fe]%(133)([O][Fe][O][H])([O][Fe]([O][H])([O][H])[O]%57)([O]%(118))[O][Fe]([O][Fe]([O][Fe][O][H])([O]%71)([O][Fe]([O][H])[O]%76)[O]%(129))([O]%(130))([O][Fe]%57([O][Fe])([O]%(131))[O][Fe]([O][Fe])([O][Fe]%71[O][Fe][O][Fe]([O][H])[O][Fe]%76([O]%82)[O][Fe]([O][Fe]([O][H])[O][Fe]%82([O][H])([O][H])([O][H])[O][Fe]([O][Fe])[O]%82)([O][Fe]([O][Fe][O][H])[O]%77)([O]%83)[O][Fe]%77([O][Fe])([O]%76)[O][Fe]%76([O][Fe])([O]%21)([O][Fe]([O][Fe]([O][H])[O][H])[O][Fe]([O][H])[O][Fe]([O][Fe][O][H])[O][Fe]%21([O][Fe][O][H])([O][Fe]([O][H])[O]%76)[O][Fe]%76([O][Fe]([O][Fe][O][H])[O][Fe]%82([O][H])([O][H])([O][H])[O][Fe]([O][Fe])[O]%82)([O][Fe]([O][Fe][O][H])[O]%71)[O][Fe]%71%82([O][Fe])[O][Fe]%83([O][H])([O][Fe])([O][Fe]%(118)[O][Fe]([O][H])[O][Fe]([O][Fe][O][H])[O][Fe]%(129)([O][Fe][O][H])([O][Fe]([O][H])[O]%83)[O][Fe]%83%(130)%(131)[O][Fe]([O][Fe])[O][Fe][O][Fe]%(134)[O][Fe]([O][Fe][O][H])[O][Fe]%(135)%(136)([O][Fe]([O][Fe][O][H])[O][Fe]%(137)([O][H])([O][H])([O][H])[O][Fe]([O][Fe])[O]%(137))[O][Fe]([O][Fe][O][H])([O][Fe]([O][Fe][O][H])[O][Fe]([O][H])[O][Fe]([O][Fe]([O][H])[O]%83)[O][Fe]%83([O][Fe])([O][Fe]([O][H])[O][H])([O]%10)[O][Fe]([O][Fe])([O]%(130))([O][Fe]([O][Fe]([O][Fe]([O][H])[O][Fe]([O][H])([O][H])[O][H])[O][Fe]%10([O][H])([O][H])([O][H])[O][Fe]([O][Fe])[O]%10)([O][Fe]([O][Fe][O][H])[O][Fe]([O][Fe][O][Fe]([O][H])[O][Fe]%10([O][Fe]([O]%(118))[O]%10)([O]%21)([O]%76)[O]%71)[O]%(120))([O]%(129))[O]%(131))[O]%83)[O][Fe]%10%21([O][Fe]([O][H])[O][Fe][O][Fe]%71([O][Fe][O][Fe]%76[O][Fe]([O][H])[O][Fe]([O][Fe])([O][Fe]([O][H])[O][H])[O][Fe][O][Fe]%83%(118)%(120)([O][Fe])[O][Fe]([O][H])[O][Fe]%(129)%(130)([O][H])([O][Fe][O][H])[O][Fe]([O][H])([O][Fe]([O][H])[O][H])[O][Fe]%(131)%(137)([O][H])([O][Fe])[O][Fe][O][Fe]%(138)([O][Fe])[O][Fe]([O][H])[O][Fe]%(139)([O][H])([O][Fe]([O][H])[O][Fe])[O][Fe]%(140)([O][Fe][O]CC%(141)=C([H])C([H])C([H])=C([H])C%(141)[H])([O]%76)[O][Fe]([O][H])[O][Fe]%76%(141)([O][Fe])([O][Fe]([O][H])[O][Fe]%(142)[O][Fe]%(143)%(144)([O]%(142))[O][Fe]%(142)([O][Fe][O][H])([O][Fe]%(145)[O][Fe]([O][H])[O][Fe]%(146)[O][Fe]([O][H])[O][Fe]%(147)%(148)([O][Fe]%(149)[O][Fe]([O][Fe]([O][Fe])([O][Fe]([O][H])[O]%(145))[O]%(149))[O][Fe]%(145)%(149)([O][Fe])([O][Fe]([O]C)[O][Fe]%(150)([O][Fe][O][H])([O][Fe]([O][H])([O][H])[O]%83)([O][Fe]([O][H])([O][Fe]([O][H])[O]%(108))([O]%(110))[O]%(118))[O][Fe]([O]%(121))([O]%(147))([O][Fe]%83([O][Fe])([O]%(148))[O][Fe]([O][Fe])([O]%(134))([O]%(146))([O][Fe]([O][H])[O]%(142))[O]%83)([O]%(145))[O]%(150))[O][Fe]([O][H])([O][H])[O][Fe]([O][Fe][O][H])([O][Fe]([O][H])[O]%59)([O]%(119))([O]%(125))[O][Fe]%59([O][Fe]([O][H])[O][Fe]([O][Fe][O][H])([O][Fe]([O][Fe][O][H])[O][Fe][O][H])([O][Fe]([O][H])([O][Fe][O][H])([O][Fe]([O][H])[O][Fe][O][Fe]([O][Fe]([O][Fe][O][H])[O][Fe]([O][Fe]([O][Fe][O][H])[O][Fe]%83([O][H])([O][H])([O][H])[O][Fe]([O][Fe])[O]%83)([O][Fe]([O][Fe])[O][Fe]([O][H])[O][Fe]([O][H])[O][Fe]%83([O][Fe][O][H])([O][Fe]([O][Fe][O][H])[O][Fe][O][H])[O][Fe]%(108)([O][Fe][O][Fe]%(110)([O][H])([O][H])([O][H])[O][Fe]([O][Fe])[O]%(110))[O][Fe][O][Fe]([O][Fe][O][H])([O][Fe]([O][H])[O][Fe][O][Fe]%(110)%(118)([O][Fe][O][Fe]%(119)[O][Fe]([O][H])([O][H])([O][H])([O][Fe]([O][Fe][O][H])[O][Fe]%(121)([O][Fe]([O][Fe]([O][H])[O][Fe][O][Fe]%(125)([O][H])([O][Fe])([O][Fe][O][Fe]%(134)([O][H])([O][H])([O][Fe])[O][Fe]([O][Fe]([O][H])[O][Fe]([O][H])([O][H])[O][H])([O]%61)([O]%(121))([O]%(125))[O]%(134))[O][Fe]([O][Fe]([O][Fe]%61([O][Fe]([O][H])[O]%(131))([O][Fe]([O][H])([O][H])([O][H])([O][Fe]([O][Fe]%(121)%(125)([O][H])([O][Fe])[O][Fe]([O][H])[O][Fe]([O][Fe][O][H])([O][Fe][O][Fe]%(131)[O][Fe]([O][H])([O][H])([O][H])([O][Fe]([O][Fe][O][H])[O]%28)[O]%(131))([O]%81)[O][Fe]([O][Fe])([O]%(121))[O][Fe]%28([O][H])([O][H])([O][H])[O][Fe]([O][Fe][O][H])([O]%73)([O]%(125))([O]%28)[O][Fe]([O]%70)([O]%74)([O]%66)([O]%58)[O]%63)[O]%67)[O]%68)[O][Fe]([O][Fe])([O]%(139))([O]%(140))([O]%61)[O]%(137))[O]%69)[O]%(138))[O]%(110))([O]%64)[O]%62)[O]%(119))[O][Fe]([O][H])[O][Fe]%28%58([O][H])([O][Fe])[O][Fe][O][Fe]([O][H])([O][H])[O][Fe]([O][H])[O][Fe]%61([O][Fe][O][Fe][O][Fe]([O][H])([O][H])([O][H])([O][H])[O][Fe]([O][Fe][O][H])[O][Fe]([O][Fe]%62([O][Fe])([O]%44)[O][Fe]([O][H])([O][Fe])([O]%60)([O]%47)[O]%62)([O]%45)[O][Fe]%44([O][Fe][O][H])([O]%46)([O]%28)[O][Fe]([O][H])([O][H])([O][H])([O][Fe]([O][Fe])([O]%(118))[O]%58)[O]%44)([O][Fe][O][Fe]([O][H])[O][Fe]%28([O][Fe])([O][Fe]([O][H])[O][Fe])[O][Fe]([O][H])([O][Fe][O][Fe]%44([O][H])([O][H])([O][Fe][O][H])[O][Fe]([O][Fe])[O]%44)([O][Fe]([O][Fe][O][H])[O]%(101))[O][Fe]([O][Fe][O][H])([O][Fe][O][H])([O][Fe]([O][Fe][O][H])[O][Fe][O][H])[O]%28)[O][Fe]([O][H])[O][Fe]%28([O][H])([O][Fe])([O][Fe][O][Fe]([O][H])[O][H])[O][Fe]([O][Fe])([O]%61)[O][Fe]%44([O][H])([O][H])([O][Fe]([O][H])[O][H])[O][Fe]([O][Fe]([O][H])[O][Fe]([O][H])([O][H])[O][H])([O]%35)([O][Fe]([O][Fe]([O][H])[O]%91)([O][Fe]([O][Fe][O][H])[O][Fe]%35([O][H])([O][H])([O][H])[O][Fe]([O][Fe][O]%92)[O]%35)([O][Fe]([O][Fe])([O]%36)([O]%41)[O]%42)[O]%37)([O]%28)[O]%44)([O]%(108))[O]%83)([O]%(107))[O]%(109))[O][Fe]%28%35%36([O][Fe])[O][Fe]%37[O][Fe]([O][H])[O][Fe]([O][Fe][O][H])[O][Fe]%41([O][Fe][O]C(=C%42C([H])C(C([H])=O)=C(C([H])=O)C([H])=C%42[H])[O][Fe]([O]%41)[O]%28)([O]%(102))[O][Fe]([O][Fe]([O][Fe][O][H])[O][Fe]%28([O][H])([O][H])([O][H])[O][Fe]([O][Fe])[O]%28)([O][Fe]([O][Fe][O][H])[O][Fe]%28%41[O][Fe][O][Fe]([O][H])[O][Fe]%42%44([O][Fe]([O][H])[O]%37)[O][Fe]%37%45([O][Fe][O][H])[O][Fe]([O][Fe][O][H])[O][Fe]([O][H])[O][Fe]%46[O][Fe]([O][H])[O][Fe]([O][Fe]([O][Fe])[O][Fe][O][Fe]([O][Fe]([O][Fe][O][H])[O][Fe]([O][Fe]([O][Fe][O][H])[O][Fe]%47([O][H])([O][H])([O][H])[O][Fe]([O][Fe])[O]%47)([O]%37)([O]%42)[O][Fe]([O][Fe])([O]%44)([O]%35)[O]%36)[O][Fe]%35%36%37([O][Fe])[O][Fe][O][Fe]([O][H])[O][Fe]([O][Fe][O][H])[O][Fe]%42([O][Fe][O][H])([O][Fe][O]%35)[O][Fe]%35%44%47[O][Fe]([O][H])[O][Fe][O][Fe][O][Fe]([O][Fe][O][H])[O][Fe]([O][Fe]([O][Fe][O][H])[O][Fe]%58([O][H])([O][H])[O][Fe]([O][Fe])[O]%58)([O][Fe]([O][Fe]([O][H])[O][Fe]([O][H])([O][H])[O][H])([O][Fe]([O][H])[O][Fe]%58([O][Fe])([O][Fe]([O][Fe]([O][Fe]([O][H])[O][Fe][O][H])[O]%28)[O][Fe]([O][H])[O]%35)([O]%41)[O][Fe]([O][Fe])([O]%44)([O][Fe]([O][Fe]([O][Fe][O][H])[O][Fe]%28([O][H])([O][H])([O][H])[O][Fe]([O][Fe])[O]%28)([O][Fe]([O][Fe])[O][Fe]([O][Fe][O][Fe]([O][H])[O][Fe]%28%35%41([O][Fe]([O][H])[O]%28)[O][Fe]%28([O][Fe][O][H])([O][Fe]([O][Fe][O][H])[O][Fe][O][H])[O][Fe][O][Fe]%44([O][H])([O][Fe])([O]%51)[O][Fe]%51([O][H])([O][Fe]([O][Fe]([O][H])[O][Fe][O][H])([O][Fe]([O][Fe])[O][Fe][O][Fe]([O][Fe]([O][Fe][O][H])[O][Fe]([O][Fe]([O][Fe][O][H])[O][Fe]%60([O][H])([O][H])([O][H])[O][Fe]([O][Fe])[O]%60)([O]%28)([O][Fe]([O][H])([O]%36)([O]%37)[O]%35)[O]%41)[O][Fe]([O][Fe])([O]%24)([O][Fe]([O][H])[O][Fe]([O][Fe][O][H])([O]%25)([O]%16)[O]%14)([O]%26)[O]%27)([O]%39)[O][Fe]([O][Fe]%14[O][Fe][O]C%16C([H])=C([H])C(=C([H])C%24=C([H])C([H])=C([H])C([H])=C%24[H])C([H])=C%16[O][Fe]%16([O][H])([O][H])([O]%14)[O][Fe]([O][Fe])[O]%16)([O][Fe]([O][Fe][O][H])[O]%34)([O]%40)[O]%51)[O]%44)[O][Fe]([O][Fe])([O][Fe]([O][H])[O][H])([O]%18)([O]%19)[O]%20)([O]%42)[O]%47)[O]%58)[O]%95)([O]%96)[O][Fe]([O][Fe])([O]%97)([O]%99)[O]%(100))([O]%54)([O]%52)[O][Fe]%14([O][Fe])([O]%53)[O][Fe]([O][Fe])([O]%(113))([O]%46)([O][Fe]([O]C=C=C(C([H])=C=C=O)C%16=C([H])C([H])C%18=C%16C([H])C([H])([H])C([H])=C%18[H])[O]%45)[O]%14)([O]%(103))[O][Fe]([O][Fe])([O]%(104))([O]%(105))[O]%(106))[O]%(111))[O]%(112))([O][Fe]([O][Fe])([O]%(114))([O][Fe]([O][Fe]([O][Fe][O]C=C%14C([H])=C%16C(=C([H])C([H])=C(C=C=C=C=C=O)C%16=C%16C([H])C%18=C=C(C%19=C([H])C(=C(C([H])[H])C%20=C([H])C([H])([H])C(=O)C([H])=C%20[H])C([H])C(C([H])=C([H])C([H])C([H])([H])[H])=C%19[H])C([H])=C%19C([H])C([H])=C([H])C%20C%19=C%18C%18=C%20C([H])=C(O)C([H])=C%16%18)C([H])=C%14C=C=C=C([H])[H])[O][Fe]([O][H])([O][H])([O][H])[O][Fe][O][Fe])([O][Fe]([O][Fe][O][H])[O]%56)([O]%(116))[O]%(115))[O]%59)[O]%(149))[O]%(122))[O][Fe]([O]%(143))([O][Fe]([O][Fe])([O]%(144))([O]%76)[O]%(141))([O]%(120))([O]%(129))[O]%(130))[O]%71)[O][Fe]([O][Fe][O][Fe])[O][Fe]%14([O][Fe][O][Fe]%16([O][H])([O][H])[O][Fe]([O][Fe])[O]%16)[O][Fe][O][Fe]([O][Fe][O][H])([O][Fe]([O][H])[O][Fe])([O]%14)[O][Fe]%14([O][H])([O][Fe][O][H])[O][Fe]([O][Fe][O][H])[O][Fe]([O][H])[O][Fe]([O][Fe]([O][H])[O]%10)[O][Fe]%10([O][H])([O][Fe])([O][Fe]([O]C%16C(=O)C([H])=C([H])C(=C%16[O][Fe]([O][H])([O][H])[O][H])C(=C=C([H])[H])C%16=C%18[O][Fe]%19([O][H])([O][H])([O][Fe]([O][Fe][O]C%18=C([H])C(C%18C(=O)C([H])=C([H])C(C(=C([H])C%20=C([H])C(C(C([H])=C%24C([H])C([H])=C(O)C([H])=C%24C([H])([H])C([H])=C=O)=C([H])C(O)=C%24C([H])C([H])=C(C%25=C([H])C%26=C([H])C(=O)C([H])=C([H])C%26=C(C%26=C([H])C([H])=C(O[H])C([H])=C%26[H])C%25([H])[H])C([H])=C%24[H])=C([H])C([H])=C%20O)C([H])([H])[H])=C%18[H])=C%16[H])[O]5)[O][Fe]([O][Fe])[O]%19)[O]%14)[O][Fe]([O][Fe])([O]%21)([O]%(135))[O]%10)[O]%(136))[O]%82)[O]%77)([O]%(128))([O][Fe]([O][H])[O]%(126))[O]%57)([O]%(132))[O]%(133))[O][Fe]([O][H])([O][H])[O]%65)[O][Fe]([O][H])[O]%(127))[O]%(117))([O]%(123))[O]%(124))[O]%98)[O]%94)[O]%93)[O][Fe]([O][H])[O][Fe]5([O][H])([O][Fe])([O][Fe][O][Fe]([O][H])([O][H])[O][Fe]([O][Fe]([O][Fe]([O][Fe][O][H])[O]7)([O][Fe]([O][Fe][O][H])([O]%29)([O]%89)[O]5)[O][Fe]([O][Fe])([O]%30)([O]%32)[O]%33)[O]%87)[O]%90)C%88[H])[O]6)[O][Fe]([O][Fe])([O]%85)[O][Fe]5([O][H])([O][H])([O][H])[O][Fe]([O][Fe][O][H])([O]%79)([O]%78)([O]%86)[O]5)[O]%80)[O]%84)([O]%72)[O]%75)([O][Fe]([O][H])[O]%55)[O][Fe]([O][Fe])([O][Fe]([O][Fe]([O][Fe][O][H])[O][Fe]5([O][H])([O][H])([O][Fe])[O][Fe]([O][Fe])[O]5)([O][Fe]([O][Fe][O][H])[O]%43)[O]%49)([O]%50)[O]%48)[O]%38)[O]%31)[O]%22)[O]%23)[O]%17)[O][Fe]([O][Fe][O]C5=C(O[H])C([H])=C([H])C([H])=C5[O][Fe]([O][H])([O][H])[O][H])([O]%12)[O]%11)[O]%13)[O]%15)([O]9)[O]1)[O]2)([O]8)[O]3)[O]4,2,0,2
680709368,C7H7,[H]CC1=C([H])C([H])=C([H])C([H])([H])C1[H],2,1,1
3371522979,C19H15O2,[H]C([H])C1=C([H])C([H])C(C([H])=C(C([H])[H])C([H])=O)=C(C([H])=C2C(C([H])=O)C([H])=C([H])C([H])=C2[H])C1[H],1,0,1
2595441529,C14H13O2,[H]C1=C([H])C(=C(C([H])([H])[H])C2([H])C([H])=C([H])C(O)=C([H])C2([H])[H])C([H])=C([H])C1=O,1,1,0
4040398113,C32H23O8Fe,[H][O][Fe]([O][H])([O][H])([O][H])[O]C1=C([H])C2=C(C([H])=C1[H])C1=C([H])C([H])C(O)=C([H])C1=C1C([H])C(=O)C([H])(C3=C([H])C([H])=C(C(=C([H])[H])C4=C([H])C([H])=C(O)C([H])=C4[H])C([H])=C3[H])C([H])=C12,1,1,0
2678906043,C21H25,[H]C1C([H])=C([H])C([H])C(C([H])([H])C([H])=C([H])C([H])=C([H])C([H])C([H])=C(C([H])([H])[H])C([H])(C([H])[H])C([H])([H])C(C([H])[H])=C([H])[H])=C1[H],1,0,1
744421229,C35H26O4,[H]C=C(C1=C([H])C([H])=C([H])C([H])=C1[H])C1=C([H])C(C([H])([H])C([H])C([H])=C([H])C([H])C2([H])C([H])=C(C(=O)C([H])=C([H])C=O)C([H])=C2C2=C([H])C([H])C(=O)C([H])=C2C([H])([H])[H])=C(O)C([H])=C1[H],1,1,0
4081164375,C23H13O3,[H]C1C([H])=C2C(C([H])=C1O)C(C([H])=C=O)=C1C(C([H])[H])=C(C([H])[H])C(=C3C(=O)C([H])=C([H])C([H])=C3[H])C1=C2[H],1,1,0
1236329252,C6H9,[H]C([H])C([H])=C([H])C([H])=C([H])C([H])([H])[H],1,1,0
3503385348,C8H9O3,[H]C(=O)C([H])([H])C([H])=C(C([H])=C([H])C(O)=O)C([H])([H])[H],1,0,1
81558633,C14H12O2,[H]OC1=C([H])C([H])=C(C(C2=C([H])C([H])C(=O)C([H])=C2[H])C([H])([H])[H])C([H])=C1[H],1,0,1
3769577746,C16H13O3,[H]C1C([H])=C(C([H])([H])[H])C([H])C([H])=C1C(=O)C([H])([H])C1=C(C(O)=O)C([H])=C([H])C([H])=C1[H],1,1,0
3664099567,C6H6O2,[H]C([H])=C([H])C([H])=C(O)C([H])=C([H])O,1,0,1
2301840886,C218H540O1563Fe844,[H][O][Fe][O][Fe]([O][H])[O][Fe]([O][H])[O][Fe]1[O][Fe]2[O][Fe]34([O]2)[O][Fe]25([O][Fe][O][H])[O][Fe]([O][Fe][O][H])[O][Fe]([O][H])[O][Fe]6[O][Fe]([O][H])[O][Fe]789[O][Fe]([O][Fe])[O][Fe][O][Fe]%10[O][Fe]([O][Fe][O][H])[O][Fe]([O][Fe]([O][Fe][O][H])[O][Fe]%11([O][H])([O][H])([O][H])[O][Fe]([O][Fe])[O]%11)([O]2)([O]3)[O][Fe]2([O][Fe])([O]4)[O][Fe]([O][H])([O][Fe])([O]1)([O][Fe]1[O]C3=C([O][Fe]([O][H])([O][H])[O][H])C(=C([H])C([H])C3=O)C(=C=C([H])[H])C3C([H])=C(C4=C([H])C(C(=C([H])C%11=C(O)C([H])=C([H])C(C(=C([H])C(=O)C%12=C([H])C([H])C(C%13=C([H])C%14=C(C(C%15=C([H])C([H])C(=O)C([H])=C%15[H])C%13([H])[H])C([H])=C([H])C(=O)C%14[H])=C([H])C%12[H])C([H])=C%12C([H])=C([H])C(=O)C([H])=C%12C([H])([H])C([H])=C=O)=C%11[H])C([H])([H])[H])=C([H])C([H])=C4O)C([H])C4=C3[O][Fe]3([O][H])([O][H])([O][Fe]([O][Fe][O]4)[O][Fe]4%11([O][H])[O][Fe]([O][Fe][O][H])[O][Fe]%12[O][Fe][O][Fe]([O][H])[O][Fe]%13%14%15[O][Fe]([O][H])[O][Fe]%16[O][Fe]([O][H])[O][Fe]([O][Fe][O][H])[O][Fe]([O][Fe][O][H])([O][Fe][O][H])([O]4)[O][Fe]4%17([O][Fe]([O][H])[O][Fe][O][Fe][O][Fe]([O][H])[O][Fe]%18%19([O][Fe][O][Fe]%20([O][H])([O][H])([O][H])[O][Fe]([O][Fe])[O]%20)[O][Fe][O][Fe]([O][Fe]([O][H])[O][Fe])([O]%18)[O][Fe]%18([O][Fe])([O][Fe]%20[O][Fe][O][Fe][O][Fe]%21([O]4)[O][Fe]([O][Fe])([O][Fe]4[O][Fe][O][Fe]([O][H])[O][Fe]%22%23%24[O][Fe]([O][H])[O][Fe]%25[O][Fe]([O][H])[O][Fe]([O][Fe][O][H])[O][Fe]%26([O][Fe][O]C=C%27C([H])C([H])=C([H])C([H])=C%27[H])([O][Fe]([O][H])[O][Fe]%27%28([O][Fe])([O][Fe]%29[O][Fe][O][Fe]([O][H])[O][Fe]%30%31%32[O][Fe]([O][H])[O][Fe]%33[O][Fe]([O][H])[O][Fe]([O][Fe][O][H])[O][Fe]%34([O][Fe][O][H])[O][Fe]([O][H])([O][Fe][O][Fe]%35([O][H])([O][H])([O][Fe][O][H])[O][Fe]([O][Fe])[O]%35)([O][Fe]([O][Fe][O][H])[O]%29)[O][Fe]([O][Fe])([O][Fe]([O][H])[O][Fe])([O][Fe]([O][H])[O][Fe][O][Fe]%29%35%36[O][Fe][O][Fe]%37[O][Fe]([O][H])([O][H])([O][H])([O][Fe]([O][Fe])[O][Fe]%38%39%40[O][Fe]([O][Fe]([O][H])([O][H])[O][Fe][O][Fe]%41([O][H])([O][Fe])([O][Fe]([O][H])[O][H])[O][Fe]%42([O][Fe])[O][Fe]%43%44[O][Fe][O][Fe]([O][H])[O][Fe]%45%46([O][Fe][O][H])[O][Fe][O][Fe]([O][Fe][O][H])([O][Fe][O][Fe]%47([O][H])([O][H])([O][H])[O][Fe]([O][Fe])[O]%47)([O]%45)[O][Fe]([O][Fe][O][H])([O][Fe]([O][Fe][O][H])[O][Fe][O][H])([O][Fe]([O][H])[O][Fe]%45%47%48[O][Fe]%49([O][Fe])([O][Fe]%50([O][Fe]([O][Fe][O][H])[O][Fe]%51([O][H])([O][H])([O][H])[O][Fe]([O][Fe])[O]%51)[O][Fe]([O][Fe][O][H])[O][Fe]%51[O][Fe][O][Fe]([O][H])[O][Fe]%52%53([O][Fe][O][H])[O][Fe]%54([O][Fe][O][H])([O][Fe]([O][Fe][O][H])[O][Fe][O][Fe])[O][Fe]([O][H])[O][Fe]%55%56%57[O][Fe]%58([O][Fe])([O][Fe]%59%60([O][Fe][O][H])[O][Fe]([O][H])[O][Fe][O][Fe]%61[O][Fe]([O][Fe][O][H])[O][Fe]([O][Fe]([O][H])[O][Fe]%62([O][H])([O][H])([O][H])[O][Fe]([O][Fe])[O]%62)([O]%54)([O]%52)[O][Fe]%52([O][Fe])([O]%53)[O][Fe]%53%54([O][Fe]([O][H])[O][Fe]([O][H])([O][Fe][O][H])[O][Fe]([O][Fe][O][H])([O][Fe]([O][H])[O][Fe][O][Fe]([O][H])[O][Fe]%62([O][Fe])([O][Fe][O][H])([O]%33)[O][Fe]([O][Fe])([O]%30)([O][Fe]%30([O][Fe]([O][Fe][O][H])[O][Fe]%33([O][H])([O][H])([O][H])[O][Fe]([O][Fe])[O]%33)([O][Fe]([O][Fe][O][H])[O][Fe]%33%63[O][Fe][O][Fe]([O][H])[O][Fe]%64%65%66[O][Fe]([O][H])[O][Fe]%67[O][Fe]([O][H])[O][Fe]([O][Fe][O][H])[O][Fe]%68([O][Fe][O]C(=C%69C([H])=C([H])C(=C([H])O[H])C(C=O)=C%69[H])[O][Fe]([O]%68)[O][Fe]%68([O][Fe])([O]%51)([O]%67)[O][Fe]([O][Fe])([O]%64)([O][Fe]%51([O][Fe]([O][Fe][O][H])[O][Fe]%64([O][H])([O][H])([O][H])[O][Fe]([O][Fe])[O]%64)([O][Fe]([O][Fe][O][H])[O][Fe]%64[O][Fe][O][Fe]([O][Fe])[O][Fe]%67%69%70[O][Fe]([O][H])[O][Fe]%71[O][Fe]([O][H])[O][Fe]([O][Fe][O][H])[O][Fe]([O][Fe][O][H])([O][Fe]([O]C#CC(C([H])=C=C=O)=C%72C([H])C([H])=C%73C([H])=C([H])C([H])([H])C([H])=C%72%73)[O][Fe]%72([O][Fe])([O]%61)([O]%71)[O][Fe]([O][Fe])([O][Fe]([O][Fe]([O][Fe][O][H])[O][Fe]%61([O][H])([O][H])([O][H])[O][Fe]([O][Fe])[O]%61)([O][Fe]%61([O][Fe][O][H])([O][Fe]([O][Fe][O][H])[O][Fe]([O][H])[O][Fe]%71[O][Fe]([O][H])[O][Fe]%73%74([O][Fe]([O][H])[O][Fe][O][Fe][O][Fe]([O][H])[O][H])[O][Fe]%75%76([O][Fe][O][H])[O][Fe]([O][Fe][O][H])[O][Fe]%77[O][Fe]%78[O][Fe]%79[O][Fe]%80([O][Fe]([O][H])[O][Fe][O][Fe]%81[O][Fe]([O][Fe][O][H])[O][Fe]([O][Fe]([O][Fe][O][H])[O][Fe]%82([O][H])([O][H])([O][H])[O][Fe]([O][H])[O]%82)([O]%75)([O]%73)[O][Fe]%73([O][Fe])([O]%74)[O][Fe]([O][Fe])([O][Fe]%74[O][Fe][O][Fe]([O][H])[O][Fe]%75([O][Fe][O][H])[O][Fe]%82%83([O][Fe]([O][Fe][O][H])[O][Fe]%84([O][H])([O][H])([O][H])[O][Fe]([O][Fe])[O]%84)[O][Fe]([O][Fe][O][H])[O][Fe]([O][Fe][O][Fe]([O][H])[O][Fe]%84%85([O][Fe][O][H])[O][Fe]%86%87([O][Fe])[O][Fe]%88([O][Fe]([O][H])[O][Fe]([O][H])([O][Fe][O][H])([O][Fe]([O][Fe][O][H])[O][Fe][O][H])[O]%82)([O]%86)[O][Fe]%82%86([O][H])([O][Fe])[O][Fe][O][Fe]%89([O][Fe])[O][Fe]([O][H])[O][Fe]%90[O][Fe]([O][H])[O][Fe]%91[O][Fe]([O][H])[O][Fe]%92%93([O][Fe]([O][H])[O]%89)[O][Fe]%89%94([O][Fe][O][H])[O][Fe]%95[O][Fe]([O][H])[O][Fe]%96[O][Fe]([O][H])[O][Fe]%97%98%99[O][Fe]([O][H])[O][Fe]([O][Fe])([O][Fe][O][Fe]%(100)%(101)%(102)%(103)[O][Fe]%(104)[O][Fe]([O][Fe]%(105)([O][Fe])[O][Fe][O][Fe]%(106)%(107)([O][Fe])([O][Fe]([O][H])[O][Fe]%(108)%(109)([O]%(104))[O][Fe]([O][H])([O][H])([O][H])([O][Fe]([O][Fe]%(104)%(110)([O][H])([O][Fe])[O][Fe]([O][H])[O][Fe]%(111)%(112)%(113)[O][Fe][O][Fe]([O][H])[O][Fe]%(114)%(115)([O][Fe]([O][H])[O][Fe])[O][Fe]([H])[O][Fe]([O][Fe][O][Fe]%(116)([O][H])([O][H])([O][H])[O][Fe]([O][Fe])[O]%(116))([O][Fe]([O][Fe][O][H])[O][Fe]([O][Fe][O][Fe]([O][H])[O][H])[O][Fe]%(116)%(117)%(118)%(119)[O][Fe][O][Fe]([O][H])([O][H])[O][Fe][O][Fe]%(120)%(121)([O][H])[O][Fe]%(122)[O][Fe]([O][H])[O][Fe]%(123)[O][Fe]([O][H])[O][Fe]%(124)%(125)%(126)[O][Fe]([O][H])[O][Fe]([O][Fe])([O][Fe][O][Fe]%(127)%(128)([O][Fe])([O][Fe]([O]C)[O][Fe]%(129)([O][Fe][O][H])([O][Fe]([O][H])([O][H])[O][Fe]%(130)([O][H])([O][Fe][O][H])([O][Fe][O][Fe]([O][H])([O][Fe])[O][Fe]([O][H])[O][Fe]([O][Fe]([O][H])[O][Fe]([O][Fe]%(131)[O][Fe]%(132)([O][Fe][O][H])([O]%(131))([O]%(120))[O][Fe]([O][Fe])([O][Fe]%(120)([O]%(130))([O]%(132))[O][Fe]([O][H])([O][Fe][O][H])([O][Fe]([O][H])([O][H])[O]%(106))([O]%(120))[O]%45)([O]%(116))[O]%(117))[O]%(118))[O][Fe]%45([O][Fe][O]C=C%(106)C([H])=C([H])C([H])C([H])=C%(106)[H])([O][Fe]([O][H])[O]%(119))[O][Fe]%(106)([O][Fe]([O][H])[O][Fe])([O][Fe][O][Fe]([O]%(106))([O]%45)([O]%(108))([O]%(109))[O]%(107))[O][Fe]([O][H])[O]%(105))[O]%53)([O]%54)[O][Fe]([O][Fe]%45%53([O][Fe][O]C(C([H])=C([H])C%54=C([H])C([H])=C([H])C(C([H])([H])[H])=C%54[H])[O][Fe]([O]%45)[O][Fe]%45%54([O][H])([O][Fe])[O][Fe]%(105)[O][Fe][O][Fe]([O][H])[O][Fe]%(106)%(107)%(108)%(109)[O][Fe]([O][Fe]([O][H])[O][Fe]%(116)%(117)([O][Fe])([O][Fe]([O][Fe][O][Fe]([O][H])[O][H])[O][Fe]([O][Fe][O][H])[O][Fe]%(118)([O][Fe]([O][Fe][O][H])[O][Fe]%(119)([O][H])([O][H])([O][H])[O][Fe]([O][Fe])[O]%(119))([O][Fe]%(119)([O][Fe][O]C%(120)C(=O)C([H])=C([H])C([H])=C%(120)[O][Fe]([O][H])([O][H])[O][H])([O][Fe]([O][Fe][O][H])[O][Fe]([O][H])[O][Fe]%(120)[O][Fe]%(130)[O][Fe]%(131)%(132)([O]%(130))[O][Fe]%(130)%(133)([O][Fe][O][H])[O][Fe]([O][Fe][O][H])[O][Fe]%(134)[O][Fe]%(135)[O][Fe]([O][H])[O][Fe]%(136)%(137)([O][H])[O][Fe]([O][H])[O][Fe][O][Fe]%(138)[O][Fe]([O][Fe][O][H])[O][Fe]([O][Fe]([O][Fe])[O][Fe]%(139)([O][H])([O][H])([O][H])[O][Fe]([O][Fe])[O]%(139))([O]%(130))([O]%(131))[O][Fe]%(130)([O][Fe])([O]%(132))[O][Fe]([O][Fe])([O][Fe]%(131)[O][Fe][O][Fe]([O][H])[O][Fe]%(132)%(139)%(140)[O][Fe]([O][H])[O][Fe]([O][Fe]([O][H])[O][Fe]([O][Fe][O][H])[O][Fe]%(141)([O][Fe][O][H])([O][Fe][O][H])[O][Fe]%(142)%(143)%(144)[O][Fe]([O][H])[O][Fe][O][Fe]([O][Fe]([O][Fe][O][H])[O][Fe]([O][Fe]([O][Fe][O][H])[O][Fe]%(145)([O][H])([O][H])([O][H])[O][Fe]([O][Fe])[O]%(145))([O][Fe]([O][Fe][O][H])([O][Fe]([O][H])[O][Fe]%(145)([O][Fe])([O][Fe]([O][Fe]([O][Fe]([O][H])[O][Fe][O][H])[O]%33)[O][Fe]([O][H])[O]%(142))([O]%63)[O][Fe]([O][Fe])([O]%(143))([O][Fe]([O][Fe]([O][Fe][O][H])[O][Fe]([O][H])([O][H])([O][H])([O][H])[O][Fe][O][Fe])([O][Fe]([O][Fe][O][H])[O]%(131))([O]%(141))[O]%(144))[O]%(145))[O]%22)([O]%23)[O][Fe]([O][Fe])([O]%24)([O]%27)[O]%28)[O][Fe]%22([O][H])([O][Fe])([O]%16)[O][Fe]([O][Fe])([O]%13)([O]%(118))[O]%22)[O][Fe]([O][H])([O][H])([O][Fe])([O]%64)[O][Fe]([O][Fe])([O][Fe]([O][Fe]([O][Fe])[O][Fe]%13([O][H])([O][H])([O][H])[O][Fe]([O][Fe])[O]%13)([O][Fe]%13([O][Fe][O][H])([O][Fe]([O][Fe][O][H])[O][Fe]([O][H])[O][Fe]%16[O][Fe]([O][H])[O][Fe]%22%23([O][H])[O][Fe]([O][Fe])[O][Fe][O][Fe]([O][H])([O]%(134))[O][Fe]%24([O][Fe])([O]%(135))([O][Fe]([O][H])[O]%(133))[O][Fe]([O][Fe])([O][Fe]%27([O][Fe]([O][Fe][O]C)[O][Fe]%28([O][H])([O][H])([O][H])[O][Fe]([O][Fe])[O]%28)[O][Fe]([O][Fe][O][H])[O][Fe]([O][Fe][O][Fe]([O][H])[O][H])[O][Fe]%28%33%63([O][Fe])[O][Fe]%64[O][Fe]([O][H])[O][Fe]([O][Fe][O][H])[O][Fe]%(118)([O][Fe][O][H])([O][Fe]([O][H])[O]%28)[O][Fe]%28([O][Fe]([O][H])[O][Fe][O][Fe]([O][Fe]([O][Fe][O][H])[O][Fe]([O][Fe]([O][Fe][O][H])[O][Fe]%(131)([O][H])([O][H])([O][H])[O][Fe]([O][Fe])[O]%(131))([O][Fe]([O][Fe][O][H])([O][Fe][O][H])([O][Fe]([O][Fe][O][H])[O][Fe]([O][H])[O][Fe][O][Fe]([O][H])[O][H])[O]%(106))([O][Fe]([O][Fe])([O]%(116))([O]%(117))[O]%(107))[O]%(108))[O][Fe]%(106)%(107)([O][Fe])([O]%91)[O][Fe]([O][H])[O][Fe]%91([O][Fe][O][H])([O]%90)[O][Fe]%90%(108)%(116)[O][Fe]([O][H])[O][Fe]([O][Fe]([O][H])[O][Fe]([O][Fe]([O][H])[O][Fe]([O][Fe])([O][Fe][O][Fe]%(117)%(131)([O][Fe])([O][Fe]([O][H])[O][Fe]%(133)([O][Fe][O][H])([O][Fe]([O][H])([O][H])[O]%(127))([O]%55)[O][Fe]([O][Fe]([O][H])([O]%90)[O]%45)([O]%91)([O]%(108))([O]%(117))[O]%(133))[O][Fe]([O][H])([O][H])[O][Fe]%45([O][Fe][O][H])([O][Fe]([O][H])[O]%82)([O][Fe]%55([O][Fe]([O][H])[O][Fe]([O][Fe])([O][Fe]([O][Fe][O][H])[O][Fe][O][H])([O]%59)[O][Fe]([O][Fe]([O][Fe][O]C([H])C%59=C([H])C%82=C(C([H])=C([H])C(C=C=C=C=C=O)=C%82C%82=C([H])C%90=C=C(C%91=C([H])C(C([H])=C([H])C([H])C([H])([H])[H])=C([H])C(C(C%(108)=C([H])C([H])C(=O)C([H])([H])C%(108)[H])C([H])([H])[H])=C%91[H])C([H])=C%91C([H])=C([H])C([H])=C%(108)C%(117)=C([H])C(=O)C([H])=C%82C%(117)C%90=C%91%(108))C([H])=C%59C=C=C=C([H])[H])[O][Fe]%59([O][H])([O][H])([O][Fe])[O][Fe]([O][Fe])[O]%59)([O][Fe]([O][Fe][O][H])[O]%74)([O]%60)[O]%58)([O][Fe]([O][Fe])([O]%75)([O]%83)[O]%55)[O]%(131))[O][Fe]([O]%89)([O]%92)([O][Fe]([O][Fe])([O]%93)([O]%(106))[O]%(107))([O]%86)[O]%45)[O][Fe]([O][H])[O]%(116))[O]%53)[O]%54)[O][Fe]([O][Fe]([O][Fe][O][H])[O][Fe]%45([O][H])([O][H])[O][Fe]([O][Fe])[O]%45)([O][Fe]([O][Fe][O][H])[O][Fe]([O][Fe][O][Fe]([O][H])[O][Fe]%45%53([O][Fe]([O][H])[O]%64)[O][Fe]([O][Fe])([O][Fe]%54([O][Fe]([O][Fe]([O][H])([O][H])[O][Fe][O][Fe]%55%58([O][H])([O][Fe])[O][Fe]([O][H])[O][Fe]%59([O][Fe][O][H])([O][Fe][O][Fe]%60[O][Fe]%64([O][H])([O][H])([O]C=C=CC(=C([H])[H])C%74=C([H])C(=C([H])C(C([H])([H])[H])=C%75C([H])C(=C(O)C([H])=C%75[H])[O][Fe]%75([O][H])([O][H])([O][H])[O][Fe]%82([O][Fe][O][H])([O][Fe]%83%86[O][Fe]([O][H])[O][Fe]([O][Fe]([O][H])[O][Fe]([O][Fe][O][H])[O][Fe]([O][H])([O]%27)[O]%(136))[O][Fe]%27%89([O][Fe])([O][Fe]([O][H])[O][H])[O][Fe]([O][Fe][O][H])[O][Fe]([O][Fe][O][H])[O][Fe]([O][Fe]%90[O][Fe][O]C%91=C([O][Fe]%92([O][H])([O][H])([O]%90)[O][Fe]([O][Fe])[O]%92)C([H])C(=C([H])C%90=C([H])C([H])=C([H])C([H])=C%90[H])C([H])=C%91[H])([O][Fe]([O][Fe])[O][Fe]([O][H])([O][H])([O][Fe])([O]%16)[O][Fe]([O][H])[O]%13)([O]%22)[O][Fe]%13([O][Fe][O]C([H])=C([H])C([H])C(=C([H])C([H])[H])C([H])([H])[H])([O][Fe]([O][Fe][O][H])[O][Fe]([O][H])[O][Fe]%16[O][Fe]([O][H])[O][Fe]%22%90([O][Fe][O][H])[O][Fe]%91([O][Fe])([O][Fe]%92([O][Fe]([O][Fe][O][H])[O][Fe]%93([O][H])([O][H])([O][H])[O][Fe]([O][Fe][O][Fe]%(106)%(107)([O][H])([O][Fe]([O][H])[O]%92)[O][Fe]([O][Fe])[O][Fe]([O][H])([O][Fe])([O][Fe])([O][Fe][O][Fe]([O][H])([O][H])[O][Fe]([O]%59)[O][Fe]([O][Fe]([O][Fe][O][H])[O]%64)([O]%83)([O]%82)[O][Fe]([O][Fe])([O]%86)([O]%27)[O]%89)[O][Fe]([O]%(106))[O]%(107))[O]%93)([O]%22)[O][Fe]%22%27([O][Fe][O][H])([O]%90)[O][Fe]([O][H])([O][Fe])([O][Fe])([O][Fe]([O][H])[O]%29)[O][Fe]([O][Fe])([O]%35)[O][Fe]([O][H])([O][H])([O][H])([O]%22)[O]%27)[O][Fe]([O][Fe])([O]%81)([O]%16)([O][Fe]([O][H])[O]%13)[O]%91)[O]%23)[O]%75)C([H])=C([H])C%74=O)[O]%60)[O][Fe]([O][Fe])([O]%55)[O][Fe]%13([O][H])([O][H])([O][H])[O][Fe]([O][Fe][O][H])([O]%45)([O]%54)([O]%58)[O]%13)[O]%(111))([O][Fe]([O][Fe])[O][Fe]%13([O][H])([O][H])([O][H])[O][Fe]([O][Fe][O]%(112))[O]%13)[O]%53)([O]%33)[O]%63)[O][Fe]%13([O][Fe])([O]%96)([O][Fe]([O][H])[O]%94)[O][Fe]([O][Fe])([O]%97)([O]%13)[O][Fe]%13([O]%98)([O]%(100))([O][Fe]([O][Fe][O][H])([O][Fe]([O][H])[O][H])([O][Fe]([O][H])([O][Fe][O][H])[O]%(101))([O]%88)[O]%13)[O][Fe]%13([O][Fe][O][H])([O]%99)([O]%(104))[O][Fe]([O][H])([O][H])([O][H])([O][Fe]([O][Fe])([O]%(113))[O]%(110))[O]%13)([O]%(118))[O][Fe]%13([O][Fe])([O]%28)[O][Fe]([O][H])([O][H])([O][Fe])([O]%(138))[O]%13)([O]%(137))[O]%24)[O]%(132))[O]%(139))[O]%(140))([O]%(120))([O][Fe]([O][H])[O]%(119))[O]%(130))[O]%14)[O]%15)[O][Fe]([O][H])[O][Fe]([O][Fe])([O][Fe]([O][Fe][O][H])[O][Fe][O][H])([O]7)[O][Fe]([O][Fe]([O][Fe][O][H])[O][Fe]7([O][H])([O][H])([O][H])[O][Fe]([O][Fe])[O]7)([O][Fe]([O][Fe][O][H])[O]%(105))([O]8)[O][Fe]7([O][Fe])([O]9)[O][Fe]([O][Fe])([O]%12)([O]6)([O][Fe]([O][H])[O]5)[O]7)[O]%(109))[O]%(124))([O]%(125))([O][Fe]5([O][Fe])([O]%(126))[O][Fe]([O][Fe])([O]%10)([O]%(123))([O][Fe]([O][H])[O]%(121))[O]5)([O]%(128))[O]%(129))[O]%56)[O][Fe]([O][H])[O]%(122))([O][Fe]([O][Fe][O][H])([O]1)[O]%(114))[O]%(115))[O]%(102))[O]%(103))[O]%47)[O][Fe]1([O][H])([O][H])([O][Fe])[O][Fe][O][Fe]5([O][H])([O][H])([O][Fe]([O][H])[O][H])[O][Fe]([O][Fe][O][H])([O]%84)([O][Fe]([O][Fe]([O][Fe]([O][H])[O][Fe])[O]%43)([O][Fe]([O][Fe])[O][Fe]6([O][H])([O][H])([O][H])[O][Fe]([O][Fe][O]%44)[O]6)([O]%87)[O]%85)([O]1)[O]5)[O][Fe]([O][H])[O]%95)([O]%77)[O][Fe]1([O][H])([O]%78)([O][Fe]([O][H])[O]%76)[O][Fe]([O][Fe])([O]%38)([O]1)[O]%80)([O]%71)([O][Fe]([O][H])[O]%61)[O]%73)([O]%79)([O]%39)[O][Fe]1([O][Fe]([O][H])[O][Fe]([O][H])([O][H])([O][H])[O][H])([O]%40)([O]%41)[O][Fe]([O][H])([O][H])([O][H])([O]%42)[O]1)[O]%67)[O]%69)([O]%70)[O]%72)([O]%65)[O]%51)[O]%66)[O]%68)([O]%31)[O]%30)[O]%32)[O]%62)([O]%50)[O]%49)[O]%52)[O]%57)[O]%48)[O]%46)[O]%36)[O]%37)[O]%34)[O]%25)[O][Fe]1([O][Fe][O][Fe]5([O][H])([O][H])([O][H])[O][Fe]([O][Fe])[O]5)([O][Fe][O][Fe]([O][Fe]([O][H])[O][Fe])([O][Fe]([O][Fe])[O][Fe])([O]1)[O]%26)[O][Fe]([O][Fe][O][H])[O]4)([O][Fe]([O][Fe]([O][H])[O]%20)[O][Fe]([O][H])[O]%17)([O][Fe]([O][H])[O]%18)[O]%21)[O]%19)[O]%11)[O][Fe]([O][Fe])[O]3)[O]2,1,0,1
571396727,C5H8O,[H]C(=O)C([H])=C([H])C([H])([H])C([H])([H])[H],1,0,1
3869758213,C71H49O8,[H]OC1=C([H])C2=C(C([H])=C1[H])C1=C([H])C3=C(C([H])C(=O)C([H])=C3C3=C(C([H])=C([H])[H])C([H])C([H])=C4C3C([H])=C([H])C(O)=C4[H])C(=C([H])[H])C1=C2C([H])=C([H])C([H])C(C([H])=O)=C([H])C1=C(O)C([H])C([H])=C(C(=C([H])C([H])C(=C2C([H])C([H])(C(C([H])C([H])=C([H])C([H])([H])[H])=C([H])[H])C(=O)C([H])=C2[H])C2=C([H])C([H])C(=O)C([H])=C2[H])C2=C([H])C([H])C(=O)C([H])=C2C([H])([H])[H])C1[H],1,0,1
4093868740,C28H18O4,[H]C1C(=O)C([H])=C([H])C(C(=C([H])[H])C2=C(C3=C([H])C(C(=C([H])[H])C4=C([H])C([H])C(O)=C([H])C4[H])C([H])=C([H])C3=O)C([H])C(=O)C([H])=C2[H])=C1[H],1,1,0
2069686759,C21H17O3,[H]C(C([H])=C([H])C(=O)C1=C([H])C([H])=C(C(C([H])=C=O)=C2C([H])=C([H])C(=O)C([H])=C2[H])C([H])=C1[H])C([H])([H])C([H])([H])[H],1,0,1
3512018953,C15H13O2,[H]C1C([H])=C(C(C([H])[H])(C2=C([H])C([H])=C(O)C([H])=C2[H])C([H])([H])[H])C([H])C([H])=C1O,1,1,0
2944810929,C12H17,[H]C([H])C([H])(C([H])=C([H])C([H])=C([H])C([H])=C([H])C([H])=C([H])[H])C([H])([H])C([H])([H])[H],1,1,0
3813519022,CH4,[H]C([H])([H])[H],1,1,0
412552281,C28H19O4,[H]C1C(=O)C([H])=C([H])C(C(C([H])[H])=C2C([H])=C([H])C(O)=C([H])C2=C2C([H])C(=C(C3=C([H])C([H])=C(O)C([H])=C3[H])C([H])([H])[H])C([H])=C([H])C2=O)=C1[H],1,0,1
748861926,C29H25O3,[H]OC1=C([H])C([H])=C(C(C2=C([H])C([H])=C(O)C([H])=C2[H])C([H])([H])[H])C([H])C1=C([H])C1=C([H])C([H])C(=C(C([H])([H])[H])C([H])([H])C2=C([H])C([H])=C(O)C([H])=C2[H])C1([H])[H],1,1,0
2700780462,C26H22O3,[H]OC1C(=O)C([H])=C([H])C(C(=C([H])[H])C([H])=C([H])C([H])C([H])=C([H])C(=C([H])C([H])([H])C([H])=C=C=O)C([H])([H])C2=C([H])C([H])=C([H])C([H])=C2[H])=C1[H],1,0,1
4252027768,CHO,[H]C=O,1,0,1
3666641094,C33H24O4,[H]C1C(=O)C([H])(C2([H])C(=O)C3=C4C(C([H])=C5C([H])=C([H])C(=O)C([H])C5=C3[H])C([H])([H])C([H])(C([H])=C([H])[H])C42[H])C([H])C(C(=C([H])[H])C([H])=C2C([H])=C([H])C(=O)C([H])=C2[H])=C1[H],1,0,1
820723218,C30H19O3,[H]C([H])C([H])=C(C1C([H])=C([H])C([H])C(C2C([H])=C(O)C([H])C3=C2C([H])=C(C2=C([H])C([H])=C(O)C([H])=C2[H])C3[H])=C1[H])C1=C([H])C([H])=C(O)C([H])=C1[H],1,0,1
2531360845,C25H23O3,[H]C([H])C(=C1C([H])C(C([H])(C2=C([H])C([H])([H])C(=O)C([H])=C2[H])C2=C3C([H])=C([H])C(=O)C([H])([H])C3([H])C([H])([H])C2([H])[H])=C(O)C([H])=C1[H])C([H])([H])[H],1,1,0
556931259,C26H23O3,[H]OC1=C([H])C(=C(C([H])=C([H])C([H])C([H])=C([H])C(=C([H])C2=C([H])C([H])C([H])=C([H])C2[H])C([H])([H])C([H])([H])C([H])=C=C=O)C([H])([H])[H])C([H])C([H])=C1O,1,1,0
4090287543,C58H37O3,[H]C1C(=O)C([H])=C([H])C(C(C2=C=C([H])C([H])=C3C([H])=C([H])C4C([H])=C(C5=C([H])C(C([H])([H])C6=C7C(C8=C6C6=C([H])C9=C([H])C([H])C([H])=C(C=O)C9([H])C9([H])C([H])C([H])=C(C([H])([H])[H])C(=C8[H])C69[H])C([H])([H])C6=C7C([H])=C([H])C([H])=C6[H])=C(O)C([H])=C5[H])C([H])=C4C3=C2[H])=C([H])[H])=C1[H],1,0,1
1909054191,C33H25O4,[H]OC1=C([H])C([H])=C(C([H])=C(C([H])[H])C2=C([H])C([H])C(=O)C([H])(C3([H])C(=O)C4=C([H])C5=C(C([H])=C([H])C(=O)C5[H])C([H])=C(C([H])=C([H])C([H])=C([H])[H])C4=C3[H])C2([H])[H])C([H])=C1[H],1,1,0
873483881,C16H16O2,[H]C1C(=O)C([H])([H])C(C([H])([H])[H])C(C(C2=CC([H])=C(O)C([H])=C2[H])(C([H])([H])[H])C([H])([H])[H])=C1[H],1,1,0
4251916112,C96H60O11,[H]C1C(=O)C([H])=C2C(=C1[H])C(=C([H])[H])C(=C1C(=O)C([H])=C(C3C(=O)C([H])=C([H])C(C(C([H])=C([H])C(C4=C([H])C([H])([H])C(=O)C(=C([H])C(C([H])=O)=C5C6=C([H])C7=C8C(=C9C([H])=C(O)C([H])=C([H])C9=C8C8([H])C9=C7C([H])=C(O)C([H])C9=C7C9=C(C([H])C(O)=C([H])C9[H])C([H])C(C([H])([H])[H])=C7C8([H])[H])C6=C(C([H])([H])[H])C5([H])[H])C4[H])=C4C([H])=C([H])C(O)=C([H])C4=C([H])[H])=C4C([H])=C([H])C(=O)C([H])=C4[H])=C3[H])C([H])C1=C([H])C([H])([H])[H])C2=C([H])C([H])=C1C([H])C(=C([H])O)C([H])C([H])=C1C([H])[H],1,1,0
3949780488,C3H3,[H]C=C=C([H])[H],1,1,0
801355645,C6H7O2,[H]C(C(O)=O)=C([H])C([H])=C([H])C([H])([H])[H],1,1,0
1040419634,C6H10,[H]C([H])=C([H])C([H])([H])C([H])([H])C([H])=C([H])[H],1,0,1
763867952,C2H5,[H]C([H])C([H])([H])[H],1,0,1
3924494358,C2H2O,[H]C([H])=C=O,1,1,0
1438202065,C21H26,[H]C(C([H])=C([H])C([H])=C([H])C([H])([H])C1=C([H])C([H])C([H])=C([H])C1[H])C([H])=C(C([H])([H])[H])C([H])([H])C([H])C([H])([H])C(=C([H])[H])C([H])([H])[H],1,1,0
2980650579,Fe,[Fe],1,1,0
2680476905,C11H8O2,[H]C1C(=O)C([H])=C([H])C(C([H])C([H])=CC([H])=C([H])O)=C1[H],1,0,1
3966449415,CHO2,[H]OC=O,1,0,1
817855042,C2HO,[H]C=C=O,1,1,0
1111745226,C5H7,[H]C([H])C([H])=C([H])C([H])=C([H])[H],1,0,1
599056046,H4O5Fe2,[H][O][Fe][O][Fe]([O][H])([O][H])[O][H],1,0,1
2792070735,HO,[H]O,1,0,1
4001518856,C30H18O3,[H]C1C([H])=C([H])C2C(=C1[H])C(=C([H])[H])C1=C2C([H])([H])C(O)=C(C2([H])C([H])=C3C([H])=C4C([H])=C([H])C(=O)C([H])=C4C4=C3C2=C([H])C(=O)C4([H])[H])C1[H],1,1,0
2841687571,C2H4,[H]C([H])=C([H])[H],1,1,0
2049918457,C15H10O3,[H]C([H])C(C1C([H])=C([H])C(=O)C([H])=C1[H])=C(O)C1=C([H])C([H])=C(O)C([H])=C1[H],1,1,0
3122012423,C18H10O3Fe,[H]C1C(=O)C([H])=C([H])C2=C1C1=C(C3=C2C([H])=C([H])C([O][Fe])=C3[H])C([H])([H])C(=O)C([H])=C1[H],1,1,0
1025862441,C2H6,[H]C([H])([H])C([H])([H])[H],1,1,0
3042029552,C3H8,[H]C([H])([H])C([H])([H])C([H])([H])[H],1,1,0
145767811,C24H21O3,[H]OC1=C([H])C([H])C(=C2C([H])=C(C(=O)C([H])=C([H])C(=O)C([H])=C([H])C([H])=C([H])[H])C([H])=C2C([H])=C([H])C([H])=C([H])C([H])([H])[H])C([H])=C1[H],1,0,1
519433807,C58H36O3,[H]C1C(=O)C(C([H])=C2C3=C4C([H])C([H])=C([H])C([H])=C4C([H])([H])C3=C3C([H])=C4C(=C([H])[H])C([H])=C([H])C5([H])C6([H])C(=C=O)C([H])=C([H])C([H])C6=C([H])C(=C23)C45[H])=C([H])C(C2=C([H])C3=C(C2[H])C2=C([H])C(C(=C([H])[H])C4=C([H])C([H])C(=O)C([H])=C4[H])=C([H])C([H])=C([H])C2C([H])=C3[H])=C1[H],1,1,0
2619586436,C35H26O4Fe,[H]OC1=C([H])C([H])=C(C(=C2C([H])=C([H])C([H])C([H])=C2[H])[C]([H])([H])[Fe])C([H])([H])C1C([H])=C([H])C([H])=C([H])C1=C([H])C(C2=C(C([H])([H])[H])C([H])C(=O)C([H])=C2[H])=C([H])C(C(=O)C([H])=C=C=O)=C1[H],1,0,1
3732119250,C7H10,[H]C1=C([H])C([H])([H])C(C([H])([H])[H])=C([H])C1([H])[H],1,0,1
453607318,CO,C=O,1,1,0
3339523718,C15H11O4Fe,[H][O][Fe]([O][H])[O]C1C([H])=C([H])C(=C2C([H])=C([H])C3=C2C([H])=C([H])C(O)=C3[H])C([H])=C1[H],1,1,0
3634807077,C96H61O11,[H]C1C(=O)C([H])=C(C2=C(C([H])[H])C(C([H])([H])[H])=C([H])C3=C2C([H])=C([H])C(=O)C3[H])C2=C1C1=C([H])C3=C(C(C([H])=O)=C([H])C4=C(O)C([H])([H])C([H])C(C(C([H])=C([H])C(C5C([H])=C([H])C(=O)C([H])=C5[H])=C5C([H])=C([H])C(=O)C(C6=C([H])C(=O)C(C7=C(C([H])C([H])=C8C([H])=C(C([H])=O)C([H])=C([H])C8=C([H])[H])C8=C(C([H])=C([H])C(O)=C8[H])C7=C([H])[H])=C(C([H])([H])C([H])([H])[H])C6[H])=C5[H])=C5C([H])=C([H])C(O)=C([H])C5=C([H])[H])=C4[H])C([H])([H])C(C([H])([H])[H])=C3C3=C1C(=C1C([H])=C([H])C(=O)C([H])=C13)C2[H],1,0,1
38014184,C8H13,[H]C(C([H])=C([H])[H])C([H])([H])C([H])=C([H])C([H])([H])C([H])([H])[H],1,0,1
783661191,C5H8,[H]C([H])C(C([H])[H])=C([H])C([H])([H])[H],1,0,1
1475548252,C71H50O8,[H]C(C([H])=C([H])C1=C2C(=C([H])[H])C3=C([H])C(=O)C([H])=C(C4=C(C([H])C([H])([H])[H])C([H])=C([H])C5=C([H])C(=O)C([H])=C([H])C54)C3=C([H])C2=C2C([H])=C([H])C(=O)C([H])=C21)C(=C([H])O)C([H])=C1C(=O)C([H])=C([H])C(C(C([H])=C([H])C(C2=C([H])C([H])=C(O)C([H])=C2[H])C2=C([H])C([H])(C(=C([H])C([H])=C([H])C([H])([H])[H])C([H])([H])[H])C(=O)C([H])=C2[H])=C2C(C([H])([H])[H])C([H])=C(O)C([H])=C2[H])=C1[H],1,1,0
1433490187,C49H29O6Fe,[H]C1C(=O)C(=C([H])C=O)C([H])C2=C1C([H])=C([H])C1=C3C([H])=C([H])C([O][Fe])=C4C3=C3C(C5=C4C([H])(C(C4=C([H])C6=C(C4[H])C([H])([H])C(O)=C([H])C6[H])=C([H])C([H])([H])[H])C([H])([H])C5=O)C([H])([H])C([H])C([H])=C3C1=C([H])C2=C1C([H])=C([H])C(=O)C([H])=C1[H],1,0,1
2833350419,C14H11O3,[H]OC1=C(O[H])C([H])C(C(C([H])[H])=C2C([H])=C([H])C(=O)C([H])=C2[H])=C([H])C1[H],1,1,0
